affinity_id,interaction_id,determination_method,value
AFF_00001,INT_00001,Ki,6.2
AFF_00002,INT_00002,,
AFF_00003,INT_00003,,
AFF_00004,INT_00004,,
AFF_00005,INT_00005,IC50,5.0
AFF_00006,INT_00006,,
AFF_00007,INT_00007,,
AFF_00008,INT_00008,,
AFF_00009,INT_00009,,
AFF_00010,INT_00010,,
AFF_00011,INT_00011,,
AFF_00012,INT_00012,,
AFF_00013,INT_00013,,
AFF_00014,INT_00014,,
AFF_00015,INT_00015,,
AFF_00016,INT_00016,,
AFF_00017,INT_00017,,
AFF_00018,INT_00018,Kd,9.6
AFF_00019,INT_00019,,
AFF_00020,INT_00020,,
AFF_00021,INT_00021,,
AFF_00022,INT_00022,,
AFF_00023,INT_00023,Kd,16.0
AFF_00024,INT_00024,,
AFF_00025,INT_00025,,
AFF_00026,INT_00026,,
AFF_00027,INT_00027,,
AFF_00028,INT_00028,,
AFF_00029,INT_00029,,
AFF_00030,INT_00030,Kd,1.1e-07
AFF_00031,INT_00031,Kd,1.3e-06
AFF_00032,INT_00032,Kd,4.8e-08
AFF_00033,INT_00033,Kd,7.4e-07
AFF_00034,INT_00034,Kd,3e-08
AFF_00035,INT_00035,Kd,1.9e-07
AFF_00036,INT_00036,Kd,1.3e-07
AFF_00037,INT_00037,Kd,2.9e-08
AFF_00038,INT_00038,,
AFF_00039,INT_00039,,
AFF_00040,INT_00040,,
AFF_00041,INT_00041,,
AFF_00042,INT_00042,Ki,310.0
AFF_00043,INT_00043,,
AFF_00044,INT_00044,,
AFF_00045,INT_00045,,
AFF_00046,INT_00046,,
AFF_00047,INT_00047,,
AFF_00048,INT_00048,,
AFF_00049,INT_00049,Kd,65.0
AFF_00050,INT_00050,,
AFF_00051,INT_00051,,
AFF_00052,INT_00052,,
AFF_00053,INT_00053,,
AFF_00054,INT_00054,,
AFF_00055,INT_00055,,
AFF_00056,INT_00056,,
AFF_00057,INT_00057,Kd,34.8
AFF_00058,INT_00058,Kd,42.1
AFF_00059,INT_00059,,
AFF_00060,INT_00060,Kd,413.0
AFF_00061,INT_00061,,
AFF_00062,INT_00062,,
AFF_00063,INT_00063,,
AFF_00064,INT_00064,IC50,0.25
AFF_00065,INT_00065,,
AFF_00066,INT_00066,,
AFF_00067,INT_00067,,
AFF_00068,INT_00068,,
AFF_00069,INT_00069,,
AFF_00070,INT_00070,,
AFF_00071,INT_00071,,
AFF_00072,INT_00072,,
AFF_00073,INT_00073,,
AFF_00074,INT_00074,,
AFF_00075,INT_00075,IC50,2e-08
AFF_00076,INT_00076,,
AFF_00077,INT_00077,Kd,26.0
AFF_00078,INT_00078,,
AFF_00079,INT_00079,,
AFF_00080,INT_00080,,
AFF_00081,INT_00081,Kd,220.0
AFF_00082,INT_00082,,
AFF_00083,INT_00083,,
AFF_00084,INT_00084,,
AFF_00085,INT_00085,,
AFF_00086,INT_00086,,
AFF_00087,INT_00087,,
AFF_00088,INT_00088,,
AFF_00089,INT_00089,,
AFF_00090,INT_00090,,
AFF_00091,INT_00091,,
AFF_00092,INT_00092,Ki,12.0
AFF_00093,INT_00093,,
AFF_00094,INT_00094,Ki,12.0
AFF_00095,INT_00095,Ki,12.0
AFF_00096,INT_00096,,
AFF_00097,INT_00097,,
AFF_00098,INT_00098,Ki,0.1
AFF_00099,INT_00099,,
AFF_00100,INT_00100,Kd,3.46e-05
AFF_00101,INT_00101,,
AFF_00102,INT_00102,Ki,140.0
AFF_00103,INT_00103,,
AFF_00104,INT_00104,,
AFF_00105,INT_00105,,
AFF_00106,INT_00106,,
AFF_00107,INT_00107,,
AFF_00108,INT_00108,Kd,4.6
AFF_00109,INT_00109,Ki,4e-12
AFF_00110,INT_00110,Ki,4e-12
AFF_00111,INT_00111,,
AFF_00112,INT_00112,Ki,2.75e-09
AFF_00113,INT_00113,Ki_app,44.0
AFF_00114,INT_00114,Ki_app,44.0
AFF_00115,INT_00115,Ki,88.0
AFF_00116,INT_00116,,
AFF_00117,INT_00117,Ki,15.0
AFF_00118,INT_00118,,
AFF_00119,INT_00119,,
AFF_00120,INT_00120,,
AFF_00121,INT_00121,,
AFF_00122,INT_00122,Ki,28.9
AFF_00123,INT_00123,Ki,
AFF_00124,INT_00124,,
AFF_00125,INT_00125,Ki,1.3e-08
AFF_00126,INT_00126,,
AFF_00127,INT_00127,,
AFF_00128,INT_00128,,
AFF_00129,INT_00129,Ki,50.0
AFF_00130,INT_00130,,
AFF_00131,INT_00131,,
AFF_00132,INT_00132,Kd,6.2
AFF_00133,INT_00133,,
AFF_00134,INT_00134,Ki,
AFF_00135,INT_00135,,
AFF_00136,INT_00136,,
AFF_00137,INT_00137,,
AFF_00138,INT_00138,,
AFF_00139,INT_00139,,
AFF_00140,INT_00140,,
AFF_00141,INT_00141,,
AFF_00142,INT_00142,,
AFF_00143,INT_00143,Kd,0.46
AFF_00144,INT_00144,IC50,1.64
AFF_00145,INT_00145,,
AFF_00146,INT_00146,Kd,281.44
AFF_00147,INT_00147,Kd,1.24
AFF_00148,INT_00148,Kd,3.6
AFF_00149,INT_00149,Kd,3.6
AFF_00150,INT_00150,Kd,3.6
AFF_00151,INT_00151,Kd,0.95
AFF_00152,INT_00152,Kd,1.69
AFF_00153,INT_00153,IC50,19.0
AFF_00154,INT_00154,IC50,68.0
AFF_00155,INT_00155,IC50,8.0
AFF_00156,INT_00156,IC50,20.0
AFF_00157,INT_00157,Kd,1.72
AFF_00158,INT_00158,IC50,19.0
AFF_00159,INT_00159,,
AFF_00160,INT_00160,IC50,7.4
AFF_00161,INT_00161,IC50,15.0
AFF_00162,INT_00162,IC50,0.036
AFF_00163,INT_00163,Kd,1.6
AFF_00164,INT_00164,Kd,9.2
AFF_00165,INT_00165,IC50,8.3
AFF_00166,INT_00166,,
AFF_00167,INT_00167,,
AFF_00168,INT_00168,IC50,4625.0
AFF_00169,INT_00169,Kd,6.0
AFF_00170,INT_00170,,
AFF_00171,INT_00171,,
AFF_00172,INT_00172,Kd,6.0
AFF_00173,INT_00173,Kd,3.1
AFF_00174,INT_00174,Kd,6.5
AFF_00175,INT_00175,Kd,0.7
AFF_00176,INT_00176,Kd,6.0
AFF_00177,INT_00177,Kd,0.59
AFF_00178,INT_00178,IC50,13.0
AFF_00179,INT_00179,IC50,13.0
AFF_00180,INT_00180,IC50,2.16
AFF_00181,INT_00181,,
AFF_00182,INT_00182,Kd,8.3
AFF_00183,INT_00183,IC50,410.0
AFF_00184,INT_00184,Kd,87.0
AFF_00185,INT_00185,Kd,87.0
AFF_00186,INT_00186,Kd,59.0
AFF_00187,INT_00187,IC50,900.0
AFF_00188,INT_00188,IC50,3.2
AFF_00189,INT_00189,Kd,70.0
AFF_00190,INT_00190,Kd,0.78
AFF_00191,INT_00191,Kd,13.0
AFF_00192,INT_00192,IC50,1400.0
AFF_00193,INT_00193,IC50,130.0
AFF_00194,INT_00194,Kd,1.4
AFF_00195,INT_00195,Kd,42.0
AFF_00196,INT_00196,,
AFF_00197,INT_00197,Kd,1.8
AFF_00198,INT_00198,IC50,3.2
AFF_00199,INT_00199,,
AFF_00200,INT_00200,,
AFF_00201,INT_00201,IC50,370.0
AFF_00202,INT_00202,IC50,370.0
AFF_00203,INT_00203,,
AFF_00204,INT_00204,,
AFF_00205,INT_00205,,
AFF_00206,INT_00206,,
AFF_00207,INT_00207,,
AFF_00208,INT_00208,,
AFF_00209,INT_00209,,
AFF_00210,INT_00210,Ki,0.0023
AFF_00211,INT_00211,IC50,2.12
AFF_00212,INT_00212,,
AFF_00213,INT_00213,,
AFF_00214,INT_00214,,
AFF_00215,INT_00215,,
AFF_00216,INT_00216,,
AFF_00217,INT_00217,,
AFF_00218,INT_00218,,
AFF_00219,INT_00219,,
AFF_00220,INT_00220,LD90,6.48
AFF_00221,INT_00221,,
AFF_00222,INT_00222,,
AFF_00223,INT_00223,,
AFF_00224,INT_00224,,
AFF_00225,INT_00225,,
AFF_00226,INT_00226,,
AFF_00227,INT_00227,IC50,0.2
AFF_00228,INT_00228,,
AFF_00229,INT_00229,,
AFF_00230,INT_00230,,
AFF_00231,INT_00231,IC50,1.9
AFF_00232,INT_00232,,
AFF_00233,INT_00233,,
AFF_00234,INT_00234,,
AFF_00235,INT_00235,Kd,1.18
AFF_00236,INT_00236,Kd,0.82
AFF_00237,INT_00237,Kd,0.91
AFF_00238,INT_00238,,
AFF_00239,INT_00239,,
AFF_00240,INT_00240,,
AFF_00241,INT_00241,,
AFF_00242,INT_00242,,
AFF_00243,INT_00243,,
AFF_00244,INT_00244,,
AFF_00245,INT_00245,,
AFF_00246,INT_00246,,
AFF_00247,INT_00247,,
AFF_00248,INT_00248,,
AFF_00249,INT_00249,,
AFF_00250,INT_00250,,
AFF_00251,INT_00251,,
AFF_00252,INT_00252,,
AFF_00253,INT_00253,,
AFF_00254,INT_00254,Ki,3e-10
AFF_00255,INT_00255,,
AFF_00256,INT_00256,,
AFF_00257,INT_00257,,
AFF_00258,INT_00258,,
AFF_00259,INT_00259,IC50,900.0
AFF_00260,INT_00260,Kd,1.0
AFF_00261,INT_00261,,
AFF_00262,INT_00262,,
AFF_00263,INT_00263,,
AFF_00264,INT_00264,Kd,57.2
AFF_00265,INT_00265,Kd,18.0
AFF_00266,INT_00266,Kd,12.0
AFF_00267,INT_00267,Kd,1.58
AFF_00268,INT_00268,Kd,1.3
AFF_00269,INT_00269,Ki,4.4
AFF_00270,INT_00270,,
AFF_00271,INT_00271,Ki,0.17
AFF_00272,INT_00272,,
AFF_00273,INT_00273,,
AFF_00274,INT_00274,,
AFF_00275,INT_00275,,
AFF_00276,INT_00276,Ki,7.8
AFF_00277,INT_00277,,
AFF_00278,INT_00278,,
AFF_00279,INT_00279,,
AFF_00280,INT_00280,,
AFF_00281,INT_00281,,
AFF_00282,INT_00282,Ki,5e-09
AFF_00283,INT_00283,Ki,5e-09
AFF_00284,INT_00284,Ki,8.0
AFF_00285,INT_00285,,
AFF_00286,INT_00286,,
AFF_00287,INT_00287,Kd,1.077e-07
AFF_00288,INT_00288,,
AFF_00289,INT_00289,,
AFF_00290,INT_00290,,
AFF_00291,INT_00291,Kd,1.172e-07
AFF_00292,INT_00292,,
AFF_00293,INT_00293,Kd,0.255
AFF_00294,INT_00294,,
AFF_00295,INT_00295,,
AFF_00296,INT_00296,Kd,0.38
AFF_00297,INT_00297,Kd,0.19
AFF_00298,INT_00298,Kd,9.6
AFF_00299,INT_00299,Kd,1.8
AFF_00300,INT_00300,Kd,7.7
AFF_00301,INT_00301,Kd,0.25
AFF_00302,INT_00302,Kd,2.5
AFF_00303,INT_00303,Kd,0.141
AFF_00304,INT_00304,Kd,0.38
AFF_00305,INT_00305,Kd,0.19
AFF_00306,INT_00306,Kd,9.62
AFF_00307,INT_00307,,
AFF_00308,INT_00308,Kd,10.1
AFF_00309,INT_00309,EC50,1.205
AFF_00310,INT_00310,Kd,0.1
AFF_00311,INT_00311,Kd,2.81
AFF_00312,INT_00312,Kd,0.03
AFF_00313,INT_00313,Kd,2.81
AFF_00314,INT_00314,,
AFF_00315,INT_00315,,
AFF_00316,INT_00316,EC50,134.0
AFF_00317,INT_00317,,
AFF_00318,INT_00318,,
AFF_00319,INT_00319,,
AFF_00320,INT_00320,,
AFF_00321,INT_00321,,
AFF_00322,INT_00322,,
AFF_00323,INT_00323,,
AFF_00324,INT_00324,Kd,0.000291
AFF_00325,INT_00325,EC50,218.0
AFF_00326,INT_00326,EC50,13.93
AFF_00327,INT_00327,Kd,0.225
AFF_00328,INT_00328,Kd,0.225
AFF_00329,INT_00329,Kd,0.5
AFF_00330,INT_00330,EC50,605.6
AFF_00331,INT_00331,Kd,692.0
AFF_00332,INT_00332,Kd,0.869
AFF_00333,INT_00333,Kd,0.05
AFF_00334,INT_00334,Kd,2.51e-08
AFF_00335,INT_00335,Kd,1.094e-08
AFF_00336,INT_00336,Kd,1.31e-08
AFF_00337,INT_00337,Kd,5.986e-08
AFF_00338,INT_00338,Kd,1.059e-08
AFF_00339,INT_00339,Kd,9.552e-09
AFF_00340,INT_00340,,
AFF_00341,INT_00341,Kd,0.167
AFF_00342,INT_00342,Kd,0.2
AFF_00343,INT_00343,,
AFF_00344,INT_00344,,
AFF_00345,INT_00345,EC50,9.6e-09
AFF_00346,INT_00346,Kd,2.87e-10
AFF_00347,INT_00347,EC50,2.73e-08
AFF_00348,INT_00348,EC50,1.55e-08
AFF_00349,INT_00349,EC50,6.51e-09
AFF_00350,INT_00350,,
AFF_00351,INT_00351,EC50,3.22e-09
AFF_00352,INT_00352,Kd,0.459
AFF_00353,INT_00353,Kd,0.04
AFF_00354,INT_00354,Kd,0.459
AFF_00355,INT_00355,,
AFF_00356,INT_00356,EC50,5.5e-09
AFF_00357,INT_00357,,
AFF_00358,INT_00358,,
AFF_00359,INT_00359,Kd,10.1
AFF_00360,INT_00360,Kd,10.1
AFF_00361,INT_00361,Kd,0.4
AFF_00362,INT_00362,Kd,0.4
AFF_00363,INT_00363,Kd,0.4
AFF_00364,INT_00364,Kd,3.3
AFF_00365,INT_00365,Kd,0.02
AFF_00366,INT_00366,Kd,0.123
AFF_00367,INT_00367,EC50,5.49e-09
AFF_00368,INT_00368,,
AFF_00369,INT_00369,EC50,10.48
AFF_00370,INT_00370,Kd,8.3e-09
AFF_00371,INT_00371,,
AFF_00372,INT_00372,Kd,1.8
AFF_00373,INT_00373,Kd,1.1
AFF_00374,INT_00374,Kd,0.4
AFF_00375,INT_00375,Kd,0.6
AFF_00376,INT_00376,Kd,0.4
AFF_00377,INT_00377,Kd,1.1
AFF_00378,INT_00378,Kd,0.6
AFF_00379,INT_00379,Kd,0.123
AFF_00380,INT_00380,Kd,7.16
AFF_00381,INT_00381,Kd,7.16
AFF_00382,INT_00382,Kd,643.0
AFF_00383,INT_00383,Kd,19.3
AFF_00384,INT_00384,Kd,19.3
AFF_00385,INT_00385,,
AFF_00386,INT_00386,,
AFF_00387,INT_00387,,
AFF_00388,INT_00388,,
AFF_00389,INT_00389,,
AFF_00390,INT_00390,Kd,32.0
AFF_00391,INT_00391,Kd,68.0
AFF_00392,INT_00392,,
AFF_00393,INT_00393,,
AFF_00394,INT_00394,,
AFF_00395,INT_00395,,
AFF_00396,INT_00396,,
AFF_00397,INT_00397,,
AFF_00398,INT_00398,,
AFF_00399,INT_00399,,
AFF_00400,INT_00400,,
AFF_00401,INT_00401,,
AFF_00402,INT_00402,,
AFF_00403,INT_00403,,
AFF_00404,INT_00404,,
AFF_00405,INT_00405,,
AFF_00406,INT_00406,,
AFF_00407,INT_00407,,
AFF_00408,INT_00408,,
AFF_00409,INT_00409,,
AFF_00410,INT_00410,,
AFF_00411,INT_00411,,
AFF_00412,INT_00412,,
AFF_00413,INT_00413,,
AFF_00414,INT_00414,,
AFF_00415,INT_00415,,
AFF_00416,INT_00416,,
AFF_00417,INT_00417,,
AFF_00418,INT_00418,,
AFF_00419,INT_00419,,
AFF_00420,INT_00420,,
AFF_00421,INT_00421,,
AFF_00422,INT_00422,,
AFF_00423,INT_00423,,
AFF_00424,INT_00424,,
AFF_00425,INT_00425,,
AFF_00426,INT_00426,,
AFF_00427,INT_00427,,
AFF_00428,INT_00428,,
AFF_00429,INT_00429,,
AFF_00430,INT_00430,,
AFF_00431,INT_00431,,
AFF_00432,INT_00432,,
AFF_00433,INT_00433,,
AFF_00434,INT_00434,,
AFF_00435,INT_00435,,
AFF_00436,INT_00436,Kd,5.58
AFF_00437,INT_00437,,
AFF_00438,INT_00438,,
AFF_00439,INT_00439,,
AFF_00440,INT_00440,,
AFF_00441,INT_00441,,
AFF_00442,INT_00442,Kd,8.686
AFF_00443,INT_00443,,
AFF_00444,INT_00444,Kd,7.99
AFF_00445,INT_00445,,
AFF_00446,INT_00446,,
AFF_00447,INT_00447,,
AFF_00448,INT_00448,,
AFF_00449,INT_00449,,
AFF_00450,INT_00450,,
AFF_00451,INT_00451,,
AFF_00452,INT_00452,,
AFF_00453,INT_00453,,
AFF_00454,INT_00454,,
AFF_00455,INT_00455,,
AFF_00456,INT_00456,,
AFF_00457,INT_00457,,
AFF_00458,INT_00458,,
AFF_00459,INT_00459,,
AFF_00460,INT_00460,,
AFF_00461,INT_00461,,
AFF_00462,INT_00462,,
AFF_00463,INT_00463,,
AFF_00464,INT_00464,,
AFF_00465,INT_00465,,
AFF_00466,INT_00466,,
AFF_00467,INT_00467,,
AFF_00468,INT_00468,,
AFF_00469,INT_00469,,
AFF_00470,INT_00470,,
AFF_00471,INT_00471,,
AFF_00472,INT_00472,,
AFF_00473,INT_00473,,
AFF_00474,INT_00474,,
AFF_00475,INT_00475,,
AFF_00476,INT_00476,,
AFF_00477,INT_00477,,
AFF_00478,INT_00478,,
AFF_00479,INT_00479,,
AFF_00480,INT_00480,,
AFF_00481,INT_00481,,
AFF_00482,INT_00482,,
AFF_00483,INT_00483,,
AFF_00484,INT_00484,,
AFF_00485,INT_00485,,
AFF_00486,INT_00486,,
AFF_00487,INT_00487,,
AFF_00488,INT_00488,,
AFF_00489,INT_00489,,
AFF_00490,INT_00490,,
AFF_00491,INT_00491,,
AFF_00492,INT_00492,,
AFF_00493,INT_00493,,
AFF_00494,INT_00494,,
AFF_00495,INT_00495,,
AFF_00496,INT_00496,,
AFF_00497,INT_00497,,
AFF_00498,INT_00498,,
AFF_00499,INT_00499,,
AFF_00500,INT_00500,,
AFF_00501,INT_00501,,
AFF_00502,INT_00502,,
AFF_00503,INT_00503,,
AFF_00504,INT_00504,,
AFF_00505,INT_00505,,
AFF_00506,INT_00506,,
AFF_00507,INT_00507,,
AFF_00508,INT_00508,,
AFF_00509,INT_00509,,
AFF_00510,INT_00510,,
AFF_00511,INT_00511,,
AFF_00512,INT_00512,,
AFF_00513,INT_00513,,
AFF_00514,INT_00514,,
AFF_00515,INT_00515,,
AFF_00516,INT_00516,,
AFF_00517,INT_00517,,
AFF_00518,INT_00518,,
AFF_00519,INT_00519,,
AFF_00520,INT_00520,,
AFF_00521,INT_00521,,
AFF_00522,INT_00522,Kd,0.515
AFF_00523,INT_00523,Kd,57.2
AFF_00524,INT_00524,Kd,0.515
AFF_00525,INT_00525,Kd,57.2
AFF_00526,INT_00526,Kd,5.58
AFF_00527,INT_00527,Kd,3.1
AFF_00528,INT_00528,Kd,889.0
AFF_00529,INT_00529,Kd,83.7
AFF_00530,INT_00530,Kd,3.2
AFF_00531,INT_00531,Kd,666.0
AFF_00532,INT_00532,Kd,1.0
AFF_00533,INT_00533,,
AFF_00534,INT_00534,,
AFF_00535,INT_00535,Kd,0.7
AFF_00536,INT_00536,Kd,2.0
AFF_00537,INT_00537,Kd,3.4
AFF_00538,INT_00538,Kd,890.0
AFF_00539,INT_00539,Kd,9.92
AFF_00540,INT_00540,Kd,0.13
AFF_00541,INT_00541,,
AFF_00542,INT_00542,,
AFF_00543,INT_00543,,
AFF_00544,INT_00544,,
AFF_00545,INT_00545,,
AFF_00546,INT_00546,,
AFF_00547,INT_00547,,
AFF_00548,INT_00548,Kd,0.5
AFF_00549,INT_00549,Kd,0.8
AFF_00550,INT_00550,Kd,0.8
AFF_00551,INT_00551,Kd,0.5
AFF_00552,INT_00552,,
AFF_00553,INT_00553,,
AFF_00554,INT_00554,Ki,
AFF_00555,INT_00555,Ki,300.0
AFF_00556,INT_00556,Ki,2.0
AFF_00557,INT_00557,Ki,300.0
AFF_00558,INT_00558,,
AFF_00559,INT_00559,,
AFF_00560,INT_00560,Kd,
AFF_00561,INT_00561,Kd,0.5
AFF_00562,INT_00562,Ki,88.0
AFF_00563,INT_00563,,
AFF_00564,INT_00564,,
AFF_00565,INT_00565,,
AFF_00566,INT_00566,,
AFF_00567,INT_00567,,
AFF_00568,INT_00568,,
AFF_00569,INT_00569,,
AFF_00570,INT_00570,,
AFF_00571,INT_00571,,
AFF_00572,INT_00572,EC50,0.6731
AFF_00573,INT_00573,EC50,0.003
AFF_00574,INT_00574,Kd,2.59e-09
AFF_00575,INT_00575,,
AFF_00576,INT_00576,,
AFF_00577,INT_00577,,
AFF_00578,INT_00578,,
AFF_00579,INT_00579,,
AFF_00580,INT_00580,,
AFF_00581,INT_00581,,
AFF_00582,INT_00582,,
AFF_00583,INT_00583,,
AFF_00584,INT_00584,,
AFF_00585,INT_00585,,
AFF_00586,INT_00586,,
AFF_00587,INT_00587,,
AFF_00588,INT_00588,,
AFF_00589,INT_00589,,
AFF_00590,INT_00590,,
AFF_00591,INT_00591,,
AFF_00592,INT_00592,,
AFF_00593,INT_00593,,
AFF_00594,INT_00594,,
AFF_00595,INT_00595,,
AFF_00596,INT_00596,,
AFF_00597,INT_00597,,
AFF_00598,INT_00598,,
AFF_00599,INT_00599,,
AFF_00600,INT_00600,,
AFF_00601,INT_00601,,
AFF_00602,INT_00602,,
AFF_00603,INT_00603,,
AFF_00604,INT_00604,,
AFF_00605,INT_00605,,
AFF_00606,INT_00606,,
AFF_00607,INT_00607,,
AFF_00608,INT_00608,,
AFF_00609,INT_00609,,
AFF_00610,INT_00610,,
AFF_00611,INT_00611,,
AFF_00612,INT_00612,,
AFF_00613,INT_00613,,
AFF_00614,INT_00614,,
AFF_00615,INT_00615,,
AFF_00616,INT_00616,,
AFF_00617,INT_00617,,
AFF_00618,INT_00618,,
AFF_00619,INT_00619,,
AFF_00620,INT_00620,,
AFF_00621,INT_00621,,
AFF_00622,INT_00622,,
AFF_00623,INT_00623,,
AFF_00624,INT_00624,,
AFF_00625,INT_00625,,
AFF_00626,INT_00626,,
AFF_00627,INT_00627,,
AFF_00628,INT_00628,,
AFF_00629,INT_00629,,
AFF_00630,INT_00630,,
AFF_00631,INT_00631,,
AFF_00632,INT_00632,,
AFF_00633,INT_00633,,
AFF_00634,INT_00634,,
AFF_00635,INT_00635,,
AFF_00636,INT_00636,,
AFF_00637,INT_00637,,
AFF_00638,INT_00638,,
AFF_00639,INT_00639,,
AFF_00640,INT_00640,,
AFF_00641,INT_00641,,
AFF_00642,INT_00642,,
AFF_00643,INT_00643,Kd,19.0
AFF_00644,INT_00644,Kd,18.0
AFF_00645,INT_00645,,
AFF_00646,INT_00646,,
AFF_00647,INT_00647,,
AFF_00648,INT_00648,,
AFF_00649,INT_00649,,
AFF_00650,INT_00650,,
AFF_00651,INT_00651,,
AFF_00652,INT_00652,,
AFF_00653,INT_00653,,
AFF_00654,INT_00654,,
AFF_00655,INT_00655,,
AFF_00656,INT_00656,Kd,2.3e-07
AFF_00657,INT_00657,Kd,3e-06
AFF_00658,INT_00658,Kd,8.7e-09
AFF_00659,INT_00659,Kd,4.9e-09
AFF_00660,INT_00660,Kd,2.3e-08
AFF_00661,INT_00661,Kd,2.2e-08
AFF_00662,INT_00662,Kd,1.6e-09
AFF_00663,INT_00663,IC50,
AFF_00664,INT_00664,Kd,7.6e-08
AFF_00665,INT_00665,,
AFF_00666,INT_00666,,
AFF_00667,INT_00667,,
AFF_00668,INT_00668,,
AFF_00669,INT_00669,Kd,5.2e-07
AFF_00670,INT_00670,IC50,
AFF_00671,INT_00671,,
AFF_00672,INT_00672,,
AFF_00673,INT_00673,,
AFF_00674,INT_00674,,
AFF_00675,INT_00675,,
AFF_00676,INT_00676,,
AFF_00677,INT_00677,,
AFF_00678,INT_00678,,
AFF_00679,INT_00679,,
AFF_00680,INT_00680,,
AFF_00681,INT_00681,,
AFF_00682,INT_00682,,
AFF_00683,INT_00683,,
AFF_00684,INT_00684,,
AFF_00685,INT_00685,,
AFF_00686,INT_00686,,
AFF_00687,INT_00687,,
AFF_00688,INT_00688,Kd,4.2e-09
AFF_00689,INT_00689,,
AFF_00690,INT_00690,Kd,1.3e-07
AFF_00691,INT_00691,IC50,2.2
AFF_00692,INT_00692,,
AFF_00693,INT_00693,,
AFF_00694,INT_00694,Kd,6.5e-09
AFF_00695,INT_00695,,
AFF_00696,INT_00696,,
AFF_00697,INT_00697,,
AFF_00698,INT_00698,IC50,
AFF_00699,INT_00699,IC50,0.11
AFF_00700,INT_00700,,
AFF_00701,INT_00701,,
AFF_00702,INT_00702,,
AFF_00703,INT_00703,,
AFF_00704,INT_00704,,
AFF_00705,INT_00705,,
AFF_00706,INT_00706,,
AFF_00707,INT_00707,,
AFF_00708,INT_00708,Kd,1.9
AFF_00709,INT_00709,Kd,0.2
AFF_00710,INT_00710,Kd,0.26
AFF_00711,INT_00711,Kd,0.3
AFF_00712,INT_00712,Kd,1.8
AFF_00713,INT_00713,Kd,9.6
AFF_00714,INT_00714,Kd,1.2
AFF_00715,INT_00715,Kd,1.9
AFF_00716,INT_00716,,
AFF_00717,INT_00717,,
AFF_00718,INT_00718,,
AFF_00719,INT_00719,,
AFF_00720,INT_00720,,
AFF_00721,INT_00721,,
AFF_00722,INT_00722,,
AFF_00723,INT_00723,,
AFF_00724,INT_00724,,
AFF_00725,INT_00725,,
AFF_00726,INT_00726,,
AFF_00727,INT_00727,,
AFF_00728,INT_00728,,
AFF_00729,INT_00729,,
AFF_00730,INT_00730,,
AFF_00731,INT_00731,,
AFF_00732,INT_00732,,
AFF_00733,INT_00733,,
AFF_00734,INT_00734,,
AFF_00735,INT_00735,,
AFF_00736,INT_00736,,
AFF_00737,INT_00737,,
AFF_00738,INT_00738,,
AFF_00739,INT_00739,,
AFF_00740,INT_00740,,
AFF_00741,INT_00741,,
AFF_00742,INT_00742,,
AFF_00743,INT_00743,,
AFF_00744,INT_00744,,
AFF_00745,INT_00745,,
AFF_00746,INT_00746,,
AFF_00747,INT_00747,,
AFF_00748,INT_00748,,
AFF_00749,INT_00749,,
AFF_00750,INT_00750,,
AFF_00751,INT_00751,,
AFF_00752,INT_00752,,
AFF_00753,INT_00753,,
AFF_00754,INT_00754,Kd,1.3
AFF_00755,INT_00755,,
AFF_00756,INT_00756,,
AFF_00757,INT_00757,,
AFF_00758,INT_00758,,
AFF_00759,INT_00759,,
AFF_00760,INT_00760,,
AFF_00761,INT_00761,,
AFF_00762,INT_00762,,
AFF_00763,INT_00763,,
AFF_00764,INT_00764,,
AFF_00765,INT_00765,,
AFF_00766,INT_00766,,
AFF_00767,INT_00767,,
AFF_00768,INT_00768,,
AFF_00769,INT_00769,,
AFF_00770,INT_00770,,
AFF_00771,INT_00771,,
AFF_00772,INT_00772,,
AFF_00773,INT_00773,,
AFF_00774,INT_00774,,
AFF_00775,INT_00775,,
AFF_00776,INT_00776,,
AFF_00777,INT_00777,,
AFF_00778,INT_00778,,
AFF_00779,INT_00779,,
AFF_00780,INT_00780,,
AFF_00781,INT_00781,,
AFF_00782,INT_00782,,
AFF_00783,INT_00783,,
AFF_00784,INT_00784,,
AFF_00785,INT_00785,,
AFF_00786,INT_00786,,
AFF_00787,INT_00787,,
AFF_00788,INT_00788,,
AFF_00789,INT_00789,,
AFF_00790,INT_00790,,
AFF_00791,INT_00791,,
AFF_00792,INT_00792,,
AFF_00793,INT_00793,,
AFF_00794,INT_00794,,
AFF_00795,INT_00795,,
AFF_00796,INT_00796,,
AFF_00797,INT_00797,,
AFF_00798,INT_00798,,
AFF_00799,INT_00799,,
AFF_00800,INT_00800,,
AFF_00801,INT_00801,,
AFF_00802,INT_00802,,
AFF_00803,INT_00803,,
AFF_00804,INT_00804,,
AFF_00805,INT_00805,,
AFF_00806,INT_00806,,
AFF_00807,INT_00807,,
AFF_00808,INT_00808,,
AFF_00809,INT_00809,,
AFF_00810,INT_00810,,
AFF_00811,INT_00811,,
AFF_00812,INT_00812,,
AFF_00813,INT_00813,,
AFF_00814,INT_00814,,
AFF_00815,INT_00815,,
AFF_00816,INT_00816,,
AFF_00817,INT_00817,,
AFF_00818,INT_00818,,
AFF_00819,INT_00819,,
AFF_00820,INT_00820,,
AFF_00821,INT_00821,,
AFF_00822,INT_00822,,
AFF_00823,INT_00823,,
AFF_00824,INT_00824,,
AFF_00825,INT_00825,,
AFF_00826,INT_00826,,
AFF_00827,INT_00827,,
AFF_00828,INT_00828,,
AFF_00829,INT_00829,,
AFF_00830,INT_00830,,
AFF_00831,INT_00831,,
AFF_00832,INT_00832,,
AFF_00833,INT_00833,,
AFF_00834,INT_00834,,
AFF_00835,INT_00835,,
AFF_00836,INT_00836,,
AFF_00837,INT_00837,,
AFF_00838,INT_00838,,
AFF_00839,INT_00839,,
AFF_00840,INT_00840,,
AFF_00841,INT_00841,,
AFF_00842,INT_00842,,
AFF_00843,INT_00843,,
AFF_00844,INT_00844,,
AFF_00845,INT_00845,,
AFF_00846,INT_00846,,
AFF_00847,INT_00847,,
AFF_00848,INT_00848,,
AFF_00849,INT_00849,,
AFF_00850,INT_00850,,
AFF_00851,INT_00851,,
AFF_00852,INT_00852,,
AFF_00853,INT_00853,,
AFF_00854,INT_00854,,
AFF_00855,INT_00855,,
AFF_00856,INT_00856,,
AFF_00857,INT_00857,,
AFF_00858,INT_00858,Kd,2.52e-09
AFF_00859,INT_00859,,
AFF_00860,INT_00860,,
AFF_00861,INT_00861,,
AFF_00862,INT_00862,,
AFF_00863,INT_00863,,
AFF_00864,INT_00864,,
AFF_00865,INT_00865,,
AFF_00866,INT_00866,,
AFF_00867,INT_00867,,
AFF_00868,INT_00868,,
AFF_00869,INT_00869,Ki,3.3
AFF_00870,INT_00870,Kd,6.3e-12
AFF_00871,INT_00871,Kd,
AFF_00872,INT_00872,,
AFF_00873,INT_00873,Koff,
AFF_00874,INT_00874,Kd,35.3
AFF_00875,INT_00875,Kd,104.0
AFF_00876,INT_00876,Kd,189.0
AFF_00877,INT_00877,Kd,277.0
AFF_00878,INT_00878,Kd,5.8
AFF_00879,INT_00879,Kd,
AFF_00880,INT_00880,Kd,
AFF_00881,INT_00881,K0,
AFF_00882,INT_00882,Kd,159.0
AFF_00883,INT_00883,Kd,266.0
AFF_00884,INT_00884,Ki,9.8e-08
AFF_00885,INT_00885,,
AFF_00886,INT_00886,Kd,2.6
AFF_00887,INT_00887,,
AFF_00888,INT_00888,,
AFF_00889,INT_00889,Ki,4.3
AFF_00890,INT_00890,Ki,10.8
AFF_00891,INT_00891,,
AFF_00892,INT_00892,,
AFF_00893,INT_00893,,
AFF_00894,INT_00894,,
AFF_00895,INT_00895,IC50,90.0
AFF_00896,INT_00896,,
AFF_00897,INT_00897,,
AFF_00898,INT_00898,Ki,30.0
AFF_00899,INT_00899,,
AFF_00900,INT_00900,,
AFF_00901,INT_00901,Kd,1.0
AFF_00902,INT_00902,,
AFF_00903,INT_00903,,
AFF_00904,INT_00904,,
AFF_00905,INT_00905,,
AFF_00906,INT_00906,,
AFF_00907,INT_00907,,
AFF_00908,INT_00908,,
AFF_00909,INT_00909,,
AFF_00910,INT_00910,Kd,20.0
AFF_00911,INT_00911,Kd,7.0
AFF_00912,INT_00912,,
AFF_00913,INT_00913,,
AFF_00914,INT_00914,Kd,322.0
AFF_00915,INT_00915,,
AFF_00916,INT_00916,,
AFF_00917,INT_00917,,
AFF_00918,INT_00918,Kd,3.7
AFF_00919,INT_00919,,
AFF_00920,INT_00920,Kd,17.0
AFF_00921,INT_00921,,
AFF_00922,INT_00922,,
AFF_00923,INT_00923,,
AFF_00924,INT_00924,,
AFF_00925,INT_00925,Ki,75.0
AFF_00926,INT_00926,Ki,29.0
AFF_00927,INT_00927,Ki,85.0
AFF_00928,INT_00928,Ki,80.7
AFF_00929,INT_00929,Ki,1.3e-07
AFF_00930,INT_00930,Ki,3.2e-07
AFF_00931,INT_00931,Ki,1.2e-08
AFF_00932,INT_00932,,
AFF_00933,INT_00933,,
AFF_00934,INT_00934,IC50,2e-08
AFF_00935,INT_00935,,
AFF_00936,INT_00936,,
AFF_00937,INT_00937,Kd,15.8
AFF_00938,INT_00938,,
AFF_00939,INT_00939,,
AFF_00940,INT_00940,,
AFF_00941,INT_00941,,
AFF_00942,INT_00942,,
AFF_00943,INT_00943,Kd,97.0
AFF_00944,INT_00944,IC50,1.9
AFF_00945,INT_00945,Kd,11.0
AFF_00946,INT_00946,Kd,48.0
AFF_00947,INT_00947,Kd,98.0
AFF_00948,INT_00948,Ki,1.9
AFF_00949,INT_00949,Ki,0.025
AFF_00950,INT_00950,Ki*,0.015
AFF_00951,INT_00951,Ki*,3.8
AFF_00952,INT_00952,Ki*,2.1
AFF_00953,INT_00953,Ki*,2.1
AFF_00954,INT_00954,Ki,225.0
AFF_00955,INT_00955,Ki,45.0
AFF_00956,INT_00956,Ki,1.9
AFF_00957,INT_00957,IC50,8.5
AFF_00958,INT_00958,Kd,11.0
AFF_00959,INT_00959,Kd,1.844
AFF_00960,INT_00960,Kd,2.092
AFF_00961,INT_00961,Kd,11.0
AFF_00962,INT_00962,,
AFF_00963,INT_00963,,
AFF_00964,INT_00964,Kd,614.0
AFF_00965,INT_00965,Kd,183.0
AFF_00966,INT_00966,,
AFF_00967,INT_00967,Kd,106.0
AFF_00968,INT_00968,Kd,4.5
AFF_00969,INT_00969,,
AFF_00970,INT_00970,Kd,26.0
AFF_00971,INT_00971,,
AFF_00972,INT_00972,,
AFF_00973,INT_00973,,
AFF_00974,INT_00974,,
AFF_00975,INT_00975,,
AFF_00976,INT_00976,,
AFF_00977,INT_00977,Kd,
AFF_00978,INT_00978,,
AFF_00979,INT_00979,,
AFF_00980,INT_00980,,
AFF_00981,INT_00981,,
AFF_00982,INT_00982,,
AFF_00983,INT_00983,Kd,2.5
AFF_00984,INT_00984,Kd,141.0
AFF_00985,INT_00985,Kd,
AFF_00986,INT_00986,Kd,
AFF_00987,INT_00987,Kd,
AFF_00988,INT_00988,Kd,
AFF_00989,INT_00989,,
AFF_00990,INT_00990,Kd,4.95
AFF_00991,INT_00991,Kd,5.93
AFF_00992,INT_00992,Kd,36.0
AFF_00993,INT_00993,Kd,3.6e-05
AFF_00994,INT_00994,Kd,250.0
AFF_00995,INT_00995,Ki,0.83
AFF_00996,INT_00996,,
AFF_00997,INT_00997,,
AFF_00998,INT_00998,Ki,0.3
AFF_00999,INT_00999,Ki,0.4
AFF_01000,INT_01000,,
AFF_01001,INT_01001,,
AFF_01002,INT_01002,,
AFF_01003,INT_01003,,
AFF_01004,INT_01004,,
AFF_01005,INT_01005,,
AFF_01006,INT_01006,,
AFF_01007,INT_01007,,
AFF_01008,INT_01008,,
AFF_01009,INT_01009,,
AFF_01010,INT_01010,,
AFF_01011,INT_01011,,
AFF_01012,INT_01012,,
AFF_01013,INT_01013,,
AFF_01014,INT_01014,,
AFF_01015,INT_01015,,
AFF_01016,INT_01016,,
AFF_01017,INT_01017,,
AFF_01018,INT_01018,Kd,0.058
AFF_01019,INT_01019,,
AFF_01020,INT_01020,,
AFF_01021,INT_01021,,
AFF_01022,INT_01022,Kd,0.34
AFF_01023,INT_01023,,
AFF_01024,INT_01024,,
AFF_01025,INT_01025,,
AFF_01026,INT_01026,,
AFF_01027,INT_01027,,
AFF_01028,INT_01028,,
AFF_01029,INT_01029,,
AFF_01030,INT_01030,,
AFF_01031,INT_01031,Kd,217.0
AFF_01032,INT_01032,,
AFF_01033,INT_01033,,
AFF_01034,INT_01034,,
AFF_01035,INT_01035,,
AFF_01036,INT_01036,,
AFF_01037,INT_01037,,
AFF_01038,INT_01038,,
AFF_01039,INT_01039,Kd,45.8
AFF_01040,INT_01040,Kd,33.3
AFF_01041,INT_01041,Kd,47.0
AFF_01042,INT_01042,,
AFF_01043,INT_01043,,
AFF_01044,INT_01044,,
AFF_01045,INT_01045,,
AFF_01046,INT_01046,,
AFF_01047,INT_01047,,
AFF_01048,INT_01048,,
AFF_01049,INT_01049,,
AFF_01050,INT_01050,,
AFF_01051,INT_01051,,
AFF_01052,INT_01052,,
AFF_01053,INT_01053,,
AFF_01054,INT_01054,,
AFF_01055,INT_01055,Kd,0.15
AFF_01056,INT_01056,Kd,0.2
AFF_01057,INT_01057,,
AFF_01058,INT_01058,,
AFF_01059,INT_01059,,
AFF_01060,INT_01060,,
AFF_01061,INT_01061,,
AFF_01062,INT_01062,,
AFF_01063,INT_01063,,
AFF_01064,INT_01064,,
AFF_01065,INT_01065,,
AFF_01066,INT_01066,,
AFF_01067,INT_01067,,
AFF_01068,INT_01068,,
AFF_01069,INT_01069,,
AFF_01070,INT_01070,,
AFF_01071,INT_01071,,
AFF_01072,INT_01072,,
AFF_01073,INT_01073,,
AFF_01074,INT_01074,,
AFF_01075,INT_01075,,
AFF_01076,INT_01076,,
AFF_01077,INT_01077,,
AFF_01078,INT_01078,,
AFF_01079,INT_01079,,
AFF_01080,INT_01080,,
AFF_01081,INT_01081,,
AFF_01082,INT_01082,,
AFF_01083,INT_01083,,
AFF_01084,INT_01084,,
AFF_01085,INT_01085,Kd,0.22
AFF_01086,INT_01086,Kd,0.9
AFF_01087,INT_01087,,
AFF_01088,INT_01088,,
AFF_01089,INT_01089,,
AFF_01090,INT_01090,,
AFF_01091,INT_01091,,
AFF_01092,INT_01092,,
AFF_01093,INT_01093,,
AFF_01094,INT_01094,,
AFF_01095,INT_01095,,
AFF_01096,INT_01096,,
AFF_01097,INT_01097,,
AFF_01098,INT_01098,,
AFF_01099,INT_01099,,
AFF_01100,INT_01100,,
AFF_01101,INT_01101,,
AFF_01102,INT_01102,,
AFF_01103,INT_01103,,
AFF_01104,INT_01104,,
AFF_01105,INT_01105,,
AFF_01106,INT_01106,,
AFF_01107,INT_01107,,
AFF_01108,INT_01108,,
AFF_01109,INT_01109,,
AFF_01110,INT_01110,,
AFF_01111,INT_01111,,
AFF_01112,INT_01112,,
AFF_01113,INT_01113,,
AFF_01114,INT_01114,,
AFF_01115,INT_01115,,
AFF_01116,INT_01116,,
AFF_01117,INT_01117,,
AFF_01118,INT_01118,,
AFF_01119,INT_01119,,
AFF_01120,INT_01120,,
AFF_01121,INT_01121,,
AFF_01122,INT_01122,,
AFF_01123,INT_01123,Kd,2.0
AFF_01124,INT_01124,Kd,17.0
AFF_01125,INT_01125,,
AFF_01126,INT_01126,Kd,1.6
AFF_01127,INT_01127,Kd,2.6
AFF_01128,INT_01128,Kd,1.62
AFF_01129,INT_01129,,
AFF_01130,INT_01130,Kd,470.0
AFF_01131,INT_01131,Kd,15.0
AFF_01132,INT_01132,Kd,11.0
AFF_01133,INT_01133,,
AFF_01134,INT_01134,,
AFF_01135,INT_01135,,
AFF_01136,INT_01136,,
AFF_01137,INT_01137,,
AFF_01138,INT_01138,,
AFF_01139,INT_01139,,
AFF_01140,INT_01140,,
AFF_01141,INT_01141,,
AFF_01142,INT_01142,,
AFF_01143,INT_01143,Ki,28.9
AFF_01144,INT_01144,,
AFF_01145,INT_01145,,
AFF_01146,INT_01146,,
AFF_01147,INT_01147,,
AFF_01148,INT_01148,,
AFF_01149,INT_01149,,
AFF_01150,INT_01150,,
AFF_01151,INT_01151,,
AFF_01152,INT_01152,,
AFF_01153,INT_01153,,
AFF_01154,INT_01154,,
AFF_01155,INT_01155,,
AFF_01156,INT_01156,,
AFF_01157,INT_01157,,
AFF_01158,INT_01158,,
AFF_01159,INT_01159,,
AFF_01160,INT_01160,,
AFF_01161,INT_01161,,
AFF_01162,INT_01162,,
AFF_01163,INT_01163,,
AFF_01164,INT_01164,,
AFF_01165,INT_01165,,
AFF_01166,INT_01166,,
AFF_01167,INT_01167,,
AFF_01168,INT_01168,,
AFF_01169,INT_01169,,
AFF_01170,INT_01170,,
AFF_01171,INT_01171,,
AFF_01172,INT_01172,,
AFF_01173,INT_01173,,
AFF_01174,INT_01174,,
AFF_01175,INT_01175,,
AFF_01176,INT_01176,,
AFF_01177,INT_01177,,
AFF_01178,INT_01178,,
AFF_01179,INT_01179,,
AFF_01180,INT_01180,,
AFF_01181,INT_01181,,
AFF_01182,INT_01182,,
AFF_01183,INT_01183,,
AFF_01184,INT_01184,,
AFF_01185,INT_01185,,
AFF_01186,INT_01186,,
AFF_01187,INT_01187,,
AFF_01188,INT_01188,,
AFF_01189,INT_01189,,
AFF_01190,INT_01190,,
AFF_01191,INT_01191,,
AFF_01192,INT_01192,,
AFF_01193,INT_01193,,
AFF_01194,INT_01194,,
AFF_01195,INT_01195,,
AFF_01196,INT_01196,,
AFF_01197,INT_01197,,
AFF_01198,INT_01198,,
AFF_01199,INT_01199,,
AFF_01200,INT_01200,,
AFF_01201,INT_01201,Kd,2.3
AFF_01202,INT_01202,,
AFF_01203,INT_01203,,
AFF_01204,INT_01204,Kd,11.0
AFF_01205,INT_01205,Kd,0.2
AFF_01206,INT_01206,Kd,0.5
AFF_01207,INT_01207,Kd,26.8
AFF_01208,INT_01208,Kd,34.0
AFF_01209,INT_01209,Kd,35.9
AFF_01210,INT_01210,Kd,11.0
AFF_01211,INT_01211,Kd,0.14
AFF_01212,INT_01212,Kd,99.5
AFF_01213,INT_01213,,
AFF_01214,INT_01214,Kd,2100.0
AFF_01215,INT_01215,Kd,3300.0
AFF_01216,INT_01216,Kd,0.213
AFF_01217,INT_01217,,
AFF_01218,INT_01218,,
AFF_01219,INT_01219,,
AFF_01220,INT_01220,,
AFF_01221,INT_01221,,
AFF_01222,INT_01222,,
AFF_01223,INT_01223,,
AFF_01224,INT_01224,,
AFF_01225,INT_01225,Kd,75.0
AFF_01226,INT_01226,,
AFF_01227,INT_01227,,
AFF_01228,INT_01228,,
AFF_01229,INT_01229,,
AFF_01230,INT_01230,,
AFF_01231,INT_01231,,
AFF_01232,INT_01232,,
AFF_01233,INT_01233,,
AFF_01234,INT_01234,,
AFF_01235,INT_01235,,
AFF_01236,INT_01236,,
AFF_01237,INT_01237,,
AFF_01238,INT_01238,,
AFF_01239,INT_01239,,
AFF_01240,INT_01240,,
AFF_01241,INT_01241,,
AFF_01242,INT_01242,,
AFF_01243,INT_01243,,
AFF_01244,INT_01244,,
AFF_01245,INT_01245,,
AFF_01246,INT_01246,,
AFF_01247,INT_01247,,
AFF_01248,INT_01248,,
AFF_01249,INT_01249,,
AFF_01250,INT_01250,,
AFF_01251,INT_01251,,
AFF_01252,INT_01252,,
AFF_01253,INT_01253,,
AFF_01254,INT_01254,,
AFF_01255,INT_01255,,
AFF_01256,INT_01256,,
AFF_01257,INT_01257,,
AFF_01258,INT_01258,,
AFF_01259,INT_01259,Kd,50.0
AFF_01260,INT_01260,,
AFF_01261,INT_01261,,
AFF_01262,INT_01262,,
AFF_01263,INT_01263,,
AFF_01264,INT_01264,,
AFF_01265,INT_01265,,
AFF_01266,INT_01266,,
AFF_01267,INT_01267,Kd,2.3
AFF_01268,INT_01268,,
AFF_01269,INT_01269,,
AFF_01270,INT_01270,,
AFF_01271,INT_01271,,
AFF_01272,INT_01272,,
AFF_01273,INT_01273,,
AFF_01274,INT_01274,,
AFF_01275,INT_01275,,
AFF_01276,INT_01276,,
AFF_01277,INT_01277,,
AFF_01278,INT_01278,,
AFF_01279,INT_01279,,
AFF_01280,INT_01280,,
AFF_01281,INT_01281,,
AFF_01282,INT_01282,,
AFF_01283,INT_01283,,
AFF_01284,INT_01284,,
AFF_01285,INT_01285,,
AFF_01286,INT_01286,,
AFF_01287,INT_01287,,
AFF_01288,INT_01288,,
AFF_01289,INT_01289,,
AFF_01290,INT_01290,,
AFF_01291,INT_01291,,
AFF_01292,INT_01292,,
AFF_01293,INT_01293,,
AFF_01294,INT_01294,,
AFF_01295,INT_01295,,
AFF_01296,INT_01296,,
AFF_01297,INT_01297,,
AFF_01298,INT_01298,,
AFF_01299,INT_01299,,
AFF_01300,INT_01300,,
AFF_01301,INT_01301,,
AFF_01302,INT_01302,,
AFF_01303,INT_01303,,
AFF_01304,INT_01304,,
AFF_01305,INT_01305,,
AFF_01306,INT_01306,,
AFF_01307,INT_01307,,
AFF_01308,INT_01308,,
AFF_01309,INT_01309,,
AFF_01310,INT_01310,,
AFF_01311,INT_01311,,
AFF_01312,INT_01312,,
AFF_01313,INT_01313,,
AFF_01314,INT_01314,,
AFF_01315,INT_01315,,
AFF_01316,INT_01316,,
AFF_01317,INT_01317,,
AFF_01318,INT_01318,,
AFF_01319,INT_01319,,
AFF_01320,INT_01320,,
AFF_01321,INT_01321,,
AFF_01322,INT_01322,,
AFF_01323,INT_01323,,
AFF_01324,INT_01324,,
AFF_01325,INT_01325,,
AFF_01326,INT_01326,,
AFF_01327,INT_01327,,
AFF_01328,INT_01328,,
AFF_01329,INT_01329,,
AFF_01330,INT_01330,,
AFF_01331,INT_01331,,
AFF_01332,INT_01332,,
AFF_01333,INT_01333,,
AFF_01334,INT_01334,Kd,5.0
AFF_01335,INT_01335,Kd,0.93
AFF_01336,INT_01336,,
AFF_01337,INT_01337,Kd,150.0
AFF_01338,INT_01338,Kd,502.0
AFF_01339,INT_01339,Kd,40.4
AFF_01340,INT_01340,,
AFF_01341,INT_01341,Kd,3100.0
AFF_01342,INT_01342,Kd,34000.0
AFF_01343,INT_01343,Kd,2300.0
AFF_01344,INT_01344,Kd,7200.0
AFF_01345,INT_01345,Kd,6200.0
AFF_01346,INT_01346,Kd,3200.0
AFF_01347,INT_01347,,
AFF_01348,INT_01348,Kd,8000.0
AFF_01349,INT_01349,,
AFF_01350,INT_01350,,
AFF_01351,INT_01351,,
AFF_01352,INT_01352,,
AFF_01353,INT_01353,,
AFF_01354,INT_01354,,
AFF_01355,INT_01355,,
AFF_01356,INT_01356,,
AFF_01357,INT_01357,,
AFF_01358,INT_01358,,
AFF_01359,INT_01359,,
AFF_01360,INT_01360,,
AFF_01361,INT_01361,,
AFF_01362,INT_01362,,
AFF_01363,INT_01363,Kd,1.3
AFF_01364,INT_01364,Kd,5.5
AFF_01365,INT_01365,Kd,14.5
AFF_01366,INT_01366,Kd,1.8
AFF_01367,INT_01367,Kd,5.0
AFF_01368,INT_01368,Kd,7.0
AFF_01369,INT_01369,Kd,81.0
AFF_01370,INT_01370,Kd,81.0
AFF_01371,INT_01371,Kd,23.0
AFF_01372,INT_01372,Kd,89.0
AFF_01373,INT_01373,Kd,30.0
AFF_01374,INT_01374,Kd,16.0
AFF_01375,INT_01375,Kd,7.0
AFF_01376,INT_01376,Kd,5.7
AFF_01377,INT_01377,Kd,62.0
AFF_01378,INT_01378,Kd,9.0
AFF_01379,INT_01379,Kd,66.0
AFF_01380,INT_01380,Kd,100.0
AFF_01381,INT_01381,Kd,7.0
AFF_01382,INT_01382,Kd,210.0
AFF_01383,INT_01383,Kd,738.0
AFF_01384,INT_01384,Kd,519.0
AFF_01385,INT_01385,Kd,284.0
AFF_01386,INT_01386,Kd,118.0
AFF_01387,INT_01387,Kd,290.0
AFF_01388,INT_01388,Kd,652.0
AFF_01389,INT_01389,Kd,435.0
AFF_01390,INT_01390,,
AFF_01391,INT_01391,Kd,40.0
AFF_01392,INT_01392,Kd,800.0
AFF_01393,INT_01393,Kd,45.0
AFF_01394,INT_01394,Kd,3300.0
AFF_01395,INT_01395,Kd,194.0
AFF_01396,INT_01396,Kd,39.0
AFF_01397,INT_01397,Kd,54000.0
AFF_01398,INT_01398,Kd,112.0
AFF_01399,INT_01399,Kd,166.0
AFF_01400,INT_01400,,
AFF_01401,INT_01401,Kd,350.0
AFF_01402,INT_01402,,
AFF_01403,INT_01403,,
AFF_01404,INT_01404,,
AFF_01405,INT_01405,Kd,8.0
AFF_01406,INT_01406,Kd,80.0
AFF_01407,INT_01407,Kd,160.0
AFF_01408,INT_01408,Kd,6800.0
AFF_01409,INT_01409,Kd,3300.0
AFF_01410,INT_01410,Kd,65.0
AFF_01411,INT_01411,Kd,9600.0
AFF_01412,INT_01412,Kd,33.0
AFF_01413,INT_01413,Kd,1000.0
AFF_01414,INT_01414,Kd,5.0
AFF_01415,INT_01415,Kd,137.0
AFF_01416,INT_01416,Kd,170.0
AFF_01417,INT_01417,,
AFF_01418,INT_01418,,
AFF_01419,INT_01419,,
AFF_01420,INT_01420,,
AFF_01421,INT_01421,,
AFF_01422,INT_01422,,
AFF_01423,INT_01423,,
AFF_01424,INT_01424,,
AFF_01425,INT_01425,,
AFF_01426,INT_01426,,
AFF_01427,INT_01427,,
AFF_01428,INT_01428,,
AFF_01429,INT_01429,,
AFF_01430,INT_01430,,
AFF_01431,INT_01431,,
AFF_01432,INT_01432,,
AFF_01433,INT_01433,,
AFF_01434,INT_01434,,
AFF_01435,INT_01435,,
AFF_01436,INT_01436,,
AFF_01437,INT_01437,,
AFF_01438,INT_01438,,
AFF_01439,INT_01439,,
AFF_01440,INT_01440,,
AFF_01441,INT_01441,,
AFF_01442,INT_01442,,
AFF_01443,INT_01443,,
AFF_01444,INT_01444,,
AFF_01445,INT_01445,,
AFF_01446,INT_01446,,
AFF_01447,INT_01447,,
AFF_01448,INT_01448,,
AFF_01449,INT_01449,,
AFF_01450,INT_01450,,
AFF_01451,INT_01451,,
AFF_01452,INT_01452,,
AFF_01453,INT_01453,Kd,56.0
AFF_01454,INT_01454,Kd,34.0
AFF_01455,INT_01455,Kd,42.0
AFF_01456,INT_01456,,
AFF_01457,INT_01457,,
AFF_01458,INT_01458,,
AFF_01459,INT_01459,,
AFF_01460,INT_01460,,
AFF_01461,INT_01461,,
AFF_01462,INT_01462,,
AFF_01463,INT_01463,,
AFF_01464,INT_01464,,
AFF_01465,INT_01465,,
AFF_01466,INT_01466,,
AFF_01467,INT_01467,,
AFF_01468,INT_01468,,
AFF_01469,INT_01469,,
AFF_01470,INT_01470,,
AFF_01471,INT_01471,,
AFF_01472,INT_01472,,
AFF_01473,INT_01473,,
AFF_01474,INT_01474,,
AFF_01475,INT_01475,,
AFF_01476,INT_01476,,
AFF_01477,INT_01477,,
AFF_01478,INT_01478,,
AFF_01479,INT_01479,,
AFF_01480,INT_01480,,
AFF_01481,INT_01481,,
AFF_01482,INT_01482,,
AFF_01483,INT_01483,,
AFF_01484,INT_01484,,
AFF_01485,INT_01485,,
AFF_01486,INT_01486,,
AFF_01487,INT_01487,,
AFF_01488,INT_01488,Kd,26100.0
AFF_01489,INT_01489,Kd,23900.0
AFF_01490,INT_01490,Kd,173.6
AFF_01491,INT_01491,,
AFF_01492,INT_01492,,
AFF_01493,INT_01493,,
AFF_01494,INT_01494,,
AFF_01495,INT_01495,,
AFF_01496,INT_01496,,
AFF_01497,INT_01497,,
AFF_01498,INT_01498,,
AFF_01499,INT_01499,,
AFF_01500,INT_01500,,
AFF_01501,INT_01501,,
AFF_01502,INT_01502,,
AFF_01503,INT_01503,,
AFF_01504,INT_01504,,
AFF_01505,INT_01505,,
AFF_01506,INT_01506,Kd,15000.0
AFF_01507,INT_01507,,
AFF_01508,INT_01508,,
AFF_01509,INT_01509,,
AFF_01510,INT_01510,,
AFF_01511,INT_01511,,
AFF_01512,INT_01512,,
AFF_01513,INT_01513,,
AFF_01514,INT_01514,,
AFF_01515,INT_01515,,
AFF_01516,INT_01516,,
AFF_01517,INT_01517,Kd,1.8
AFF_01518,INT_01518,Kd,1.2
AFF_01519,INT_01519,,
AFF_01520,INT_01520,,
AFF_01521,INT_01521,,
AFF_01522,INT_01522,,
AFF_01523,INT_01523,,
AFF_01524,INT_01524,Kd,643.0
AFF_01525,INT_01525,Kd,27.2
AFF_01526,INT_01526,Kd,9.2
AFF_01527,INT_01527,Kd,15.9
AFF_01528,INT_01528,Kd,6.3
AFF_01529,INT_01529,Kd,4.0
AFF_01530,INT_01530,Kd,4.2
AFF_01531,INT_01531,Kd,1.8
AFF_01532,INT_01532,Kd,230.0
AFF_01533,INT_01533,Kd,240.0
AFF_01534,INT_01534,Kd,160.0
AFF_01535,INT_01535,,
AFF_01536,INT_01536,,
AFF_01537,INT_01537,Kd,0.45
AFF_01538,INT_01538,Kd,600.0
AFF_01539,INT_01539,Kd,0.9
AFF_01540,INT_01540,Kd,3.5
AFF_01541,INT_01541,Kd,50.0
AFF_01542,INT_01542,Kd,9.5
AFF_01543,INT_01543,Kd,23.5
AFF_01544,INT_01544,Kd,41.0
AFF_01545,INT_01545,Kd,11.0
AFF_01546,INT_01546,Kd,22900.0
AFF_01547,INT_01547,,
AFF_01548,INT_01548,,
AFF_01549,INT_01549,Kd,24.0
AFF_01550,INT_01550,,
AFF_01551,INT_01551,,
AFF_01552,INT_01552,,
AFF_01553,INT_01553,Kd,49.0
AFF_01554,INT_01554,,
AFF_01555,INT_01555,Kd,0.59
AFF_01556,INT_01556,Kd,110.0
AFF_01557,INT_01557,Kd,2.6
AFF_01558,INT_01558,Kd,97.0
AFF_01559,INT_01559,Kd,22.0
AFF_01560,INT_01560,Kd,24.6
AFF_01561,INT_01561,Kd,7.0
AFF_01562,INT_01562,Kd,19.0
AFF_01563,INT_01563,Kd,310.0
AFF_01564,INT_01564,Kd,0.5
AFF_01565,INT_01565,Kd,1.9
AFF_01566,INT_01566,Kd,0.49
AFF_01567,INT_01567,Kd,63.0
AFF_01568,INT_01568,Kd,0.26
AFF_01569,INT_01569,Kd,25.0
AFF_01570,INT_01570,Kd,20000.0
AFF_01571,INT_01571,Kd,0.3
AFF_01572,INT_01572,Kd,3800.0
AFF_01573,INT_01573,Kd,0.7
AFF_01574,INT_01574,Kd,0.18
AFF_01575,INT_01575,,
AFF_01576,INT_01576,Kd,1.9
AFF_01577,INT_01577,Kd,56.0
AFF_01578,INT_01578,Kd,11.4
AFF_01579,INT_01579,Kd,2.3
AFF_01580,INT_01580,Kd,6.3
AFF_01581,INT_01581,Kd,93.7
AFF_01582,INT_01582,Kd,3.41
AFF_01583,INT_01583,Kd,5.56
AFF_01584,INT_01584,Kd,5.73
AFF_01585,INT_01585,Kd,14.0
AFF_01586,INT_01586,,
AFF_01587,INT_01587,,
AFF_01588,INT_01588,,
AFF_01589,INT_01589,,
AFF_01590,INT_01590,Kd,520.0
AFF_01591,INT_01591,,
AFF_01592,INT_01592,,
AFF_01593,INT_01593,Kd,49.0
AFF_01594,INT_01594,Kd,30.0
AFF_01595,INT_01595,Kd,29.0
AFF_01596,INT_01596,Kd,52.0
AFF_01597,INT_01597,Kd,34.0
AFF_01598,INT_01598,Kd,51.0
AFF_01599,INT_01599,Kd,2.0
AFF_01600,INT_01600,Kd,5.6
AFF_01601,INT_01601,Kd,4.7
AFF_01602,INT_01602,Kd,1.8
AFF_01603,INT_01603,Kd,0.6
AFF_01604,INT_01604,Kd,24.0
AFF_01605,INT_01605,Kd,6.0
AFF_01606,INT_01606,Kd,0.94
AFF_01607,INT_01607,Kd,0.1
AFF_01608,INT_01608,Kd,32.4
AFF_01609,INT_01609,Kd,20.1
AFF_01610,INT_01610,Kd,12.7
AFF_01611,INT_01611,Kd,5.0
AFF_01612,INT_01612,,
AFF_01613,INT_01613,Kd,0.72
AFF_01614,INT_01614,Kd,1.0
AFF_01615,INT_01615,Kd,0.49
AFF_01616,INT_01616,Kd,15000.0
AFF_01617,INT_01617,Kd,6600.0
AFF_01618,INT_01618,Kd,26.6
AFF_01619,INT_01619,Kd,9.3
AFF_01620,INT_01620,Kd,1.5
AFF_01621,INT_01621,,
AFF_01622,INT_01622,,
AFF_01623,INT_01623,,
AFF_01624,INT_01624,,
AFF_01625,INT_01625,,
AFF_01626,INT_01626,,
AFF_01627,INT_01627,,
AFF_01628,INT_01628,,
AFF_01629,INT_01629,,
AFF_01630,INT_01630,,
AFF_01631,INT_01631,,
AFF_01632,INT_01632,,
AFF_01633,INT_01633,,
AFF_01634,INT_01634,,
AFF_01635,INT_01635,,
AFF_01636,INT_01636,,
AFF_01637,INT_01637,,
AFF_01638,INT_01638,,
AFF_01639,INT_01639,,
AFF_01640,INT_01640,,
AFF_01641,INT_01641,,
AFF_01642,INT_01642,,
AFF_01643,INT_01643,,
AFF_01644,INT_01644,,
AFF_01645,INT_01645,Kd,0.0674
AFF_01646,INT_01646,,
AFF_01647,INT_01647,Kd,1.38
AFF_01648,INT_01648,Kd,632.0
AFF_01649,INT_01649,Kd,868.0
AFF_01650,INT_01650,Kd,1280.0
AFF_01651,INT_01651,,
AFF_01652,INT_01652,Kd,25.0
AFF_01653,INT_01653,,
AFF_01654,INT_01654,,
AFF_01655,INT_01655,,
AFF_01656,INT_01656,,
AFF_01657,INT_01657,,
AFF_01658,INT_01658,,
AFF_01659,INT_01659,Kd,1.15
AFF_01660,INT_01660,,
AFF_01661,INT_01661,,
AFF_01662,INT_01662,Kd,54.0
AFF_01663,INT_01663,Kd,37.9
AFF_01664,INT_01664,,
AFF_01665,INT_01665,,
AFF_01666,INT_01666,,
AFF_01667,INT_01667,,
AFF_01668,INT_01668,,
AFF_01669,INT_01669,,
AFF_01670,INT_01670,,
AFF_01671,INT_01671,,
AFF_01672,INT_01672,,
AFF_01673,INT_01673,,
AFF_01674,INT_01674,Kd,430.0
AFF_01675,INT_01675,,
AFF_01676,INT_01676,,
AFF_01677,INT_01677,,
AFF_01678,INT_01678,,
AFF_01679,INT_01679,Kd,59000.0
AFF_01680,INT_01680,,
AFF_01681,INT_01681,,
AFF_01682,INT_01682,Kd,1100.0
AFF_01683,INT_01683,,
AFF_01684,INT_01684,,
AFF_01685,INT_01685,,
AFF_01686,INT_01686,,
AFF_01687,INT_01687,,
AFF_01688,INT_01688,Kd,52.9
AFF_01689,INT_01689,,
AFF_01690,INT_01690,,
AFF_01691,INT_01691,,
AFF_01692,INT_01692,,
AFF_01693,INT_01693,,
AFF_01694,INT_01694,Kd,60.0
AFF_01695,INT_01695,Kd,45.0
AFF_01696,INT_01696,Kd,10.0
AFF_01697,INT_01697,Kd,0.079
AFF_01698,INT_01698,Kd,51.5
AFF_01699,INT_01699,Kd,10.0
AFF_01700,INT_01700,,
AFF_01701,INT_01701,,
AFF_01702,INT_01702,Kd,0.13
AFF_01703,INT_01703,Kd,0.38
AFF_01704,INT_01704,Kd,1.2
AFF_01705,INT_01705,Kd,0.24
AFF_01706,INT_01706,,
AFF_01707,INT_01707,,
AFF_01708,INT_01708,,
AFF_01709,INT_01709,,
AFF_01710,INT_01710,Kd,0.6
AFF_01711,INT_01711,Kd,12.0
AFF_01712,INT_01712,Kd,39.0
AFF_01713,INT_01713,Kd,81.0
AFF_01714,INT_01714,,
AFF_01715,INT_01715,Kd,52.3
AFF_01716,INT_01716,,
AFF_01717,INT_01717,Kd,3.3
AFF_01718,INT_01718,Kd,157.0
AFF_01719,INT_01719,Kd,476.0
AFF_01720,INT_01720,Kd,309.0
AFF_01721,INT_01721,,
AFF_01722,INT_01722,Kd,40.0
AFF_01723,INT_01723,Kd,4.4
AFF_01724,INT_01724,Kd,23.3
AFF_01725,INT_01725,,
AFF_01726,INT_01726,Kd,7.8
AFF_01727,INT_01727,Kd,81.9
AFF_01728,INT_01728,Kd,5.41
AFF_01729,INT_01729,Kd,10.4
AFF_01730,INT_01730,,
AFF_01731,INT_01731,Kd,51.4
AFF_01732,INT_01732,Kd,112.0
AFF_01733,INT_01733,Kd,327.0
AFF_01734,INT_01734,,
AFF_01735,INT_01735,Kd,269.0
AFF_01736,INT_01736,Kd,33.1
AFF_01737,INT_01737,Kd,229.0
AFF_01738,INT_01738,Kd,807.0
AFF_01739,INT_01739,Kd,1380.0
AFF_01740,INT_01740,Kd,0.49
AFF_01741,INT_01741,Kd,271.0
AFF_01742,INT_01742,Kd,1.5
AFF_01743,INT_01743,Kd,5.3
AFF_01744,INT_01744,Kd,996.0
AFF_01745,INT_01745,Kd,9.2
AFF_01746,INT_01746,Kd,1230.0
AFF_01747,INT_01747,Kd,2520.0
AFF_01748,INT_01748,Kd,102.0
AFF_01749,INT_01749,,
AFF_01750,INT_01750,Kd,264.0
AFF_01751,INT_01751,Kd,82.4
AFF_01752,INT_01752,,
AFF_01753,INT_01753,Kd,307.0
AFF_01754,INT_01754,Kd,210.0
AFF_01755,INT_01755,Kd,14200.0
AFF_01756,INT_01756,Kd,0.45
AFF_01757,INT_01757,,
AFF_01758,INT_01758,Kd,347.0
AFF_01759,INT_01759,Kd,83.7
AFF_01760,INT_01760,Kd,204.0
AFF_01761,INT_01761,Kd,476.1
AFF_01762,INT_01762,,
AFF_01763,INT_01763,Kd,0.67
AFF_01764,INT_01764,Kd,0.73
AFF_01765,INT_01765,Kd,12.0
AFF_01766,INT_01766,Kd,1.4
AFF_01767,INT_01767,Kd,9.7
AFF_01768,INT_01768,Kd,0.93
AFF_01769,INT_01769,Kd,15.0
AFF_01770,INT_01770,Kd,17.0
AFF_01771,INT_01771,Kd,14.0
AFF_01772,INT_01772,Kd,12.0
AFF_01773,INT_01773,,
AFF_01774,INT_01774,Kd,140.0
AFF_01775,INT_01775,Kd,110.0
AFF_01776,INT_01776,,
AFF_01777,INT_01777,Kd,173.0
AFF_01778,INT_01778,Kd,71.3
AFF_01779,INT_01779,,
AFF_01780,INT_01780,,
AFF_01781,INT_01781,Kd,4880.0
AFF_01782,INT_01782,,
AFF_01783,INT_01783,Kd,5.5
AFF_01784,INT_01784,Kd,16.0
AFF_01785,INT_01785,Kd,4.3
AFF_01786,INT_01786,Kd,11.0
AFF_01787,INT_01787,Kd,12200.0
AFF_01788,INT_01788,Kd,3.9
AFF_01789,INT_01789,,
AFF_01790,INT_01790,,
AFF_01791,INT_01791,,
AFF_01792,INT_01792,,
AFF_01793,INT_01793,,
AFF_01794,INT_01794,,
AFF_01795,INT_01795,,
AFF_01796,INT_01796,,
AFF_01797,INT_01797,,
AFF_01798,INT_01798,,
AFF_01799,INT_01799,,
AFF_01800,INT_01800,,
AFF_01801,INT_01801,,
AFF_01802,INT_01802,,
AFF_01803,INT_01803,,
AFF_01804,INT_01804,,
AFF_01805,INT_01805,,
AFF_01806,INT_01806,,
AFF_01807,INT_01807,,
AFF_01808,INT_01808,,
AFF_01809,INT_01809,,
AFF_01810,INT_01810,,
AFF_01811,INT_01811,,
AFF_01812,INT_01812,,
AFF_01813,INT_01813,,
AFF_01814,INT_01814,,
AFF_01815,INT_01815,,
AFF_01816,INT_01816,,
AFF_01817,INT_01817,,
AFF_01818,INT_01818,,
AFF_01819,INT_01819,,
AFF_01820,INT_01820,,
AFF_01821,INT_01821,,
AFF_01822,INT_01822,,
AFF_01823,INT_01823,,
AFF_01824,INT_01824,,
AFF_01825,INT_01825,,
AFF_01826,INT_01826,,
AFF_01827,INT_01827,,
AFF_01828,INT_01828,,
AFF_01829,INT_01829,,
AFF_01830,INT_01830,EC50,21.0
AFF_01831,INT_01831,Kd,24.1
AFF_01832,INT_01832,,
AFF_01833,INT_01833,Kd,134.0
AFF_01834,INT_01834,Kd,200000.0
AFF_01835,INT_01835,Kd,1.8
AFF_01836,INT_01836,Kd,20.0
AFF_01837,INT_01837,Kd,210.0
AFF_01838,INT_01838,,
AFF_01839,INT_01839,,
AFF_01840,INT_01840,,
AFF_01841,INT_01841,,
AFF_01842,INT_01842,,
AFF_01843,INT_01843,,
AFF_01844,INT_01844,,
AFF_01845,INT_01845,,
AFF_01846,INT_01846,,
AFF_01847,INT_01847,,
AFF_01848,INT_01848,Kd,37000.0
AFF_01849,INT_01849,,
AFF_01850,INT_01850,Kd,5300.0
AFF_01851,INT_01851,,
AFF_01852,INT_01852,,
AFF_01853,INT_01853,,
AFF_01854,INT_01854,Kd,0.76
AFF_01855,INT_01855,Kd,2.0
AFF_01856,INT_01856,Kd,2.5
AFF_01857,INT_01857,,
AFF_01858,INT_01858,,
AFF_01859,INT_01859,Kd,5.6
AFF_01860,INT_01860,,
AFF_01861,INT_01861,,
AFF_01862,INT_01862,,
AFF_01863,INT_01863,Kd,9.6
AFF_01864,INT_01864,Kd,54.0
AFF_01865,INT_01865,,
AFF_01866,INT_01866,,
AFF_01867,INT_01867,,
AFF_01868,INT_01868,,
AFF_01869,INT_01869,,
AFF_01870,INT_01870,Kd,48.0
AFF_01871,INT_01871,,
AFF_01872,INT_01872,Kd,20.0
AFF_01873,INT_01873,Kd,170.0
AFF_01874,INT_01874,Kd,32.0
AFF_01875,INT_01875,,
AFF_01876,INT_01876,,
AFF_01877,INT_01877,,
AFF_01878,INT_01878,,
AFF_01879,INT_01879,,
AFF_01880,INT_01880,,
AFF_01881,INT_01881,,
AFF_01882,INT_01882,,
AFF_01883,INT_01883,,
AFF_01884,INT_01884,,
AFF_01885,INT_01885,,
AFF_01886,INT_01886,,
AFF_01887,INT_01887,,
AFF_01888,INT_01888,,
AFF_01889,INT_01889,,
AFF_01890,INT_01890,,
AFF_01891,INT_01891,Kd,0.8
AFF_01892,INT_01892,,
AFF_01893,INT_01893,Kd,4.0
AFF_01894,INT_01894,,
AFF_01895,INT_01895,,
AFF_01896,INT_01896,Kd,250.0
AFF_01897,INT_01897,,
AFF_01898,INT_01898,Kd,5500.0
AFF_01899,INT_01899,,
AFF_01900,INT_01900,Kd,1300.0
AFF_01901,INT_01901,,
AFF_01902,INT_01902,Kd,1.9
AFF_01903,INT_01903,Kd,8200.0
AFF_01904,INT_01904,Kd,166.0
AFF_01905,INT_01905,,
AFF_01906,INT_01906,,
AFF_01907,INT_01907,,
AFF_01908,INT_01908,Kd,17.8
AFF_01909,INT_01909,Kd,201.0
AFF_01910,INT_01910,Kd,690.0
AFF_01911,INT_01911,Kd,40.0
AFF_01912,INT_01912,Kd,42.0
AFF_01913,INT_01913,Kd,649.0
AFF_01914,INT_01914,,
AFF_01915,INT_01915,Kd,0.3
AFF_01916,INT_01916,,
AFF_01917,INT_01917,,
AFF_01918,INT_01918,,
AFF_01919,INT_01919,Kd,2.1
AFF_01920,INT_01920,Kd,1.8
AFF_01921,INT_01921,,
AFF_01922,INT_01922,Kd,311.0
AFF_01923,INT_01923,Kd,141.0
AFF_01924,INT_01924,Kd,208.0
AFF_01925,INT_01925,Kd,12.0
AFF_01926,INT_01926,Kd,598.0
AFF_01927,INT_01927,Kd,51.0
AFF_01928,INT_01928,,
AFF_01929,INT_01929,Kd,10.0
AFF_01930,INT_01930,Kd,125.0
AFF_01931,INT_01931,Kd,179.0
AFF_01932,INT_01932,Kd,11.0
AFF_01933,INT_01933,Kd,5.7
AFF_01934,INT_01934,Kd,270.0
AFF_01935,INT_01935,Kd,150.0
AFF_01936,INT_01936,Kd,18.0
AFF_01937,INT_01937,Kd,127.0
AFF_01938,INT_01938,Kd,88.0
AFF_01939,INT_01939,Kd,65.0
AFF_01940,INT_01940,Kd,104.0
AFF_01941,INT_01941,,
AFF_01942,INT_01942,Kd,73.0
AFF_01943,INT_01943,Kd,63.0
AFF_01944,INT_01944,,
AFF_01945,INT_01945,,
AFF_01946,INT_01946,Kd,76.0
AFF_01947,INT_01947,Kd,114.0
AFF_01948,INT_01948,Kd,748.0
AFF_01949,INT_01949,Kd,31.0
AFF_01950,INT_01950,Kd,62.0
AFF_01951,INT_01951,Kd,37.1
AFF_01952,INT_01952,Kd,900.0
AFF_01953,INT_01953,Kd,196.0
AFF_01954,INT_01954,Kd,338.0
AFF_01955,INT_01955,Kd,9.0
AFF_01956,INT_01956,Kd,420.0
AFF_01957,INT_01957,Kd,20.0
AFF_01958,INT_01958,Kd,73.0
AFF_01959,INT_01959,Kd,44.0
AFF_01960,INT_01960,Kd,3.7
AFF_01961,INT_01961,Kd,170.0
AFF_01962,INT_01962,Kd,206.0
AFF_01963,INT_01963,Kd,272.0
AFF_01964,INT_01964,Kd,13.0
AFF_01965,INT_01965,Kd,38.0
AFF_01966,INT_01966,Kd,151.0
AFF_01967,INT_01967,Kd,100.0
AFF_01968,INT_01968,Kd,14.0
AFF_01969,INT_01969,,
AFF_01970,INT_01970,Kd,40.0
AFF_01971,INT_01971,Kd,19.0
AFF_01972,INT_01972,Kd,15.0
AFF_01973,INT_01973,,
AFF_01974,INT_01974,Kd,2540.0
AFF_01975,INT_01975,Kd,50.0
AFF_01976,INT_01976,Kd,39.0
AFF_01977,INT_01977,Kd,59.0
AFF_01978,INT_01978,Kd,14.0
AFF_01979,INT_01979,Kd,12.0
AFF_01980,INT_01980,,
AFF_01981,INT_01981,Kd,184.0
AFF_01982,INT_01982,Kd,10.0
AFF_01983,INT_01983,Kd,478.0
AFF_01984,INT_01984,Kd,257.0
AFF_01985,INT_01985,Kd,93.0
AFF_01986,INT_01986,Kd,37.0
AFF_01987,INT_01987,Kd,70.0
AFF_01988,INT_01988,Kd,89.0
AFF_01989,INT_01989,Kd,58.0
AFF_01990,INT_01990,,
AFF_01991,INT_01991,,
AFF_01992,INT_01992,,
AFF_01993,INT_01993,,
AFF_01994,INT_01994,,
AFF_01995,INT_01995,,
AFF_01996,INT_01996,,
