protein_row_id,structure_unique_sequence_id,review_timestamp,manual_overall_verdict
7,SEQ_C5CFAC53E1E1,2026-03-15 19:15:54,belongs
13,SEQ_F451416DF69F,2026-03-15 19:15:57,belongs
19,SEQ_BFA7C71A3038,2026-03-15 15:57:40,belongs
25,SEQ_A43C840E3CE9,2026-03-15 15:57:41,belongs
26,SEQ_3F76778C90DE,2026-03-15 19:16:01,belongs
34,SEQ_73A7CFDF5D70,2026-03-15 15:57:50,belongs
36,SEQ_36F7C4C45265,2026-03-15 15:57:52,belongs_but_complex
38,SEQ_436111C795BC,2026-03-15 15:57:53,belongs
41,SEQ_6610DD59B18B,2026-03-15 20:45:12,belongs
42,SEQ_1D1EBCBDE4B7,2026-03-15 15:57:54,belongs
43,SEQ_933FD01A8873,2026-03-15 15:57:55,belongs
45,SEQ_C75BBBBCCFCC,2026-03-15 15:57:57,belongs
46,SEQ_A03B5F987EAF,2026-03-15 19:31:55,belongs_but_complex
51,SEQ_933D60060365,2026-03-15 19:16:05,belongs
54,SEQ_7F8DF41047F3,2026-03-15 15:57:58,belongs
55,SEQ_29E215C98F08,2026-03-15 15:57:58,belongs
56,SEQ_5BF65E9A402F,2026-03-15 15:57:59,belongs
57,SEQ_8AC3A24C5F40,2026-03-15 15:58:00,belongs
62,SEQ_1F68BF7AB035,2026-03-15 20:10:51,belongs_but_complex
76,SEQ_83445B4F74AB,2026-03-15 20:17:01,belongs
77,SEQ_533D1CE60FB9,2026-03-15 19:16:18,belongs_but_complex
78,SEQ_8FC3ECF6130A,2026-03-15 19:16:28,belongs
79,SEQ_B1599713AE24,2026-03-15 19:33:27,belongs
85,SEQ_60892EF90140,2026-03-15 19:32:03,belongs_but_complex
88,SEQ_7177C9A563D3,2026-03-15 19:16:35,belongs_but_complex
89,SEQ_BBC5CC71FA91,2026-03-15 15:58:05,belongs
99,SEQ_A25A44A56E98,2026-03-15 19:16:41,belongs
105,SEQ_0E08A687B153,2026-03-15 20:45:20,belongs
106,SEQ_E5EC5B09A0A7,2026-03-15 20:45:21,belongs
119,SEQ_58E75048154A,2026-03-15 20:17:03,belongs
120,SEQ_8F5AEC8D068F,2026-03-15 20:17:10,belongs
121,SEQ_DC00107813C1,2026-03-15 20:17:11,belongs
122,SEQ_204A89E34375,2026-03-15 20:17:15,belongs
123,SEQ_1345A1C26971,2026-03-15 20:17:16,belongs
124,SEQ_89C3799A7F95,2026-03-15 20:17:17,belongs
125,SEQ_2FF73853C06D,2026-03-15 20:17:18,belongs
126,SEQ_E7C76458FBAF,2026-03-15 20:17:18,belongs
128,SEQ_EACADB92942A,2026-03-15 15:58:22,belongs
129,SEQ_691D75937138,2026-03-15 20:17:21,belongs
132,SEQ_40765E68011F,2026-03-15 15:58:23,belongs
146,SEQ_E6EC5F9661A0,2026-03-15 15:58:25,belongs
150,SEQ_322A70F6861B,2026-03-15 19:16:42,belongs
154,SEQ_3ACC7C7C546C,2026-03-15 19:16:53,belongs_but_complex
155,SEQ_B4DF3D1780AE,2026-03-15 20:17:22,belongs
156,SEQ_935069375D36,2026-03-15 20:17:22,belongs
157,SEQ_F57CD1C8931E,2026-03-15 20:17:23,belongs
158,SEQ_D57ECD3F9752,2026-03-15 20:17:24,belongs
159,SEQ_BC80A23CA0CE,2026-03-15 20:17:25,belongs
160,SEQ_13F806737871,2026-03-15 20:17:28,belongs
161,SEQ_F7A0E98B82A1,2026-03-15 20:17:29,belongs
162,SEQ_5D73FCF6A7E9,2026-03-15 19:16:55,belongs
169,SEQ_8C79DE346C2A,2026-03-15 15:59:07,belongs
170,SEQ_7E4F2FFC3DE2,2026-03-15 19:16:56,belongs
171,SEQ_F2D673CE647E,2026-03-15 20:17:30,belongs
172,SEQ_8E067D0580FD,2026-03-15 20:17:31,belongs
173,SEQ_F0EEBDB0EE90,2026-03-15 20:17:31,belongs
174,SEQ_D1CE361C5FB7,2026-03-15 20:45:37,belongs
177,SEQ_22F9ADACD27E,2026-03-15 20:45:38,belongs
178,SEQ_8A6E06C54895,2026-03-15 20:45:40,belongs
179,SEQ_3371734A63D5,2026-03-15 20:45:41,belongs
182,SEQ_D3EB9DBFF112,2026-03-15 20:17:40,belongs
183,SEQ_8D785B1C8F1B,2026-03-15 20:17:45,belongs
184,SEQ_74E901BF18D9,2026-03-15 20:17:46,belongs
185,SEQ_AA285EA55B48,2026-03-15 15:59:09,belongs
186,SEQ_731BBF82664F,2026-03-15 20:17:47,belongs
187,SEQ_090E8EBF5A31,2026-03-15 20:17:47,belongs
188,SEQ_C09242DD916F,2026-03-15 20:17:48,belongs
189,SEQ_ACFCA5566055,2026-03-15 20:39:46,belongs
190,SEQ_4B2B95A3BC94,2026-03-15 20:17:49,belongs
191,SEQ_F77775A3F819,2026-03-15 15:59:10,belongs
192,SEQ_76418B7EE719,2026-03-15 20:17:49,belongs
196,SEQ_20B2B3FA19E6,2026-03-15 19:16:58,belongs
197,SEQ_8AC7BEA8C12F,2026-03-15 19:17:00,belongs
199,SEQ_7FF8A21A22A4,2026-03-15 15:59:11,belongs
200,SEQ_796B1D1C8681,2026-03-15 19:17:04,belongs
201,SEQ_EEDB4D5DD8AB,2026-03-15 20:17:50,belongs
202,SEQ_2B627ED59C5B,2026-03-15 20:17:50,belongs
203,SEQ_0BE9D42231D3,2026-03-15 20:17:51,belongs
204,SEQ_C5B162431E78,2026-03-15 20:17:52,belongs
205,SEQ_6131D5E85EA3,2026-03-15 20:17:52,belongs
220,SEQ_94EC9B34D91C,2026-03-15 19:17:05,belongs
222,SEQ_BBFDA5A89A5B,2026-03-15 15:59:12,belongs
226,SEQ_2E59D42920C0,2026-03-15 19:17:06,belongs
227,SEQ_783878824313,2026-03-15 20:02:51,belongs
228,SEQ_7C462E25F1CF,2026-03-15 20:02:54,belongs
232,SEQ_9898A9A6A5F0,2026-03-15 15:59:13,belongs
233,SEQ_0551C7B0C5FA,2026-03-15 15:59:14,belongs
234,SEQ_BF8AA209B521,2026-03-15 15:59:15,belongs
235,SEQ_501339B4FCE0,2026-03-15 15:59:16,belongs
241,SEQ_81DA82FC492D,2026-03-15 15:59:17,belongs
243,SEQ_1064F1BBADE0,2026-03-15 15:59:18,belongs
244,SEQ_166A56DE5414,2026-03-15 19:17:07,belongs
245,SEQ_B7D3E46D9C74,2026-03-15 19:17:08,belongs
246,SEQ_42990AF03AF9,2026-03-15 19:17:13,belongs
247,SEQ_176CE87658CF,2026-03-15 19:17:13,belongs
248,SEQ_094BD7A8E797,2026-03-15 19:17:14,belongs
249,SEQ_D6609B6A249C,2026-03-15 19:17:20,belongs_but_complex
253,SEQ_ED27B2EE2F92,2026-03-15 19:17:32,belongs
254,SEQ_246029983F7E,2026-03-15 19:17:33,belongs
257,SEQ_4A00841C32A9,2026-03-15 19:33:31,belongs
266,SEQ_31B0DC92D92B,2026-03-15 20:03:03,belongs
267,SEQ_DA797457E404,2026-03-15 19:17:34,belongs
273,SEQ_83837E0EAC5E,2026-03-15 19:17:37,belongs
274,SEQ_8F641CB40B93,2026-03-15 19:17:39,belongs
277,SEQ_63BAFD4997B6,2026-03-15 20:45:47,belongs
278,SEQ_99B535682833,2026-03-15 20:45:54,belongs
280,SEQ_4B6E5D41BC4B,2026-03-15 19:17:52,belongs
291,SEQ_27CD91EBC04D,2026-03-15 15:59:33,belongs
293,SEQ_CE3E634F5DAD,2026-03-15 19:17:54,belongs
294,SEQ_48BFB75AA0A7,2026-03-15 19:17:55,belongs
295,SEQ_6B6871EF4D15,2026-03-15 19:17:56,belongs
297,SEQ_11D89D0E1E25,2026-03-15 19:18:07,belongs_but_complex
299,SEQ_46F5F3DAD2A6,2026-03-15 19:18:09,belongs
300,SEQ_E149625B82FE,2026-03-15 19:18:10,belongs
301,SEQ_B9A4884FB1B3,2026-03-15 19:18:10,belongs
302,SEQ_05F51BAB9A7D,2026-03-15 19:18:11,belongs
303,SEQ_C5B8DC8C7CB6,2026-03-15 19:18:12,belongs
307,SEQ_A1015F7AA066,2026-03-15 15:59:47,belongs
312,SEQ_AD8E250440A0,2026-03-15 15:59:48,belongs
314,SEQ_927E766F7C7A,2026-03-15 15:59:49,belongs
317,SEQ_7EA2BB1E8DD8,2026-03-15 15:59:50,belongs
318,SEQ_49A19427092B,2026-03-15 15:59:51,belongs
320,SEQ_739E9342BE73,2026-03-15 15:59:51,belongs
322,SEQ_6CA75DDF2797,2026-03-15 19:20:08,belongs
323,SEQ_ED98C412D9D0,2026-03-15 15:59:52,belongs
325,SEQ_9D87764F7CD2,2026-03-15 19:20:10,belongs
329,SEQ_A7D1E7F71A02,2026-03-15 19:20:15,belongs_but_complex
330,SEQ_F82E6B99CCFE,2026-03-15 19:20:16,belongs_but_complex
392,SEQ_DFAA362614C4,2026-03-15 19:20:25,belongs
395,SEQ_4C9AD830844C,2026-03-15 19:20:31,belongs
397,SEQ_EB78B2647126,2026-03-15 19:20:44,belongs
415,SEQ_D56BECAA7D2D,2026-03-15 20:03:04,belongs
416,SEQ_A4CBF72C5FAF,2026-03-15 20:03:05,belongs
417,SEQ_D3ACC139F142,2026-03-15 19:20:45,belongs
419,SEQ_6BA86B755318,2026-03-15 19:20:45,belongs
424,SEQ_16DA547654AD,2026-03-15 19:49:21,belongs
428,SEQ_3B3B6CECFCB4,2026-03-15 20:19:34,belongs
429,SEQ_B10A475713FF,2026-03-15 20:03:06,belongs
430,SEQ_A2FD89A945DF,2026-03-15 20:03:07,belongs
432,SEQ_34FCDF4094F9,2026-03-15 19:33:36,belongs
441,SEQ_E87A6010379C,2026-03-15 16:00:08,belongs
442,SEQ_C3E65C956950,2026-03-15 16:00:08,belongs
443,SEQ_A91614A6B223,2026-03-15 16:00:10,belongs
444,SEQ_2BA2EFE11032,2026-03-15 16:00:21,belongs_but_complex
448,SEQ_E2112400888A,2026-03-15 16:00:24,belongs_but_complex
459,SEQ_81515E7778E7,2026-03-15 16:00:45,belongs
469,SEQ_1AF93AA3C636,2026-03-15 16:01:05,belongs
470,SEQ_CAE1FE538364,2026-03-15 16:01:07,belongs
471,SEQ_C90E14056857,2026-03-15 16:01:09,belongs
472,SEQ_6E40CFA19F99,2026-03-15 16:01:10,belongs
473,SEQ_DE5A44671AB6,2026-03-15 16:01:11,belongs
474,SEQ_C634CE81AEBD,2026-03-15 16:01:12,belongs
500,SEQ_419EBE3CE5AE,2026-03-15 16:01:46,belongs
501,SEQ_A4D4621E5EBD,2026-03-15 16:01:49,belongs
502,SEQ_712B138118C1,2026-03-15 16:01:49,belongs
503,SEQ_92DFDD8257AC,2026-03-15 16:01:50,belongs
505,SEQ_7BBD157A4B78,2026-03-15 16:03:30,belongs_but_complex
506,SEQ_8D5A2505BCB6,2026-03-15 16:03:31,belongs
507,SEQ_E20F90D2887F,2026-03-15 16:03:32,belongs
508,SEQ_8FEC780EC11B,2026-03-15 16:03:41,belongs
509,SEQ_3A90E79CA92E,2026-03-15 16:03:42,belongs
513,SEQ_DDCFCF96F97C,2026-03-15 16:03:45,belongs
514,SEQ_9C27F45246FC,2026-03-15 16:03:46,belongs
516,SEQ_8BC0FD64C2C4,2026-03-15 16:03:53,belongs_but_complex
518,SEQ_B119E7FC52EB,2026-03-15 16:04:02,belongs
519,SEQ_63658A06AA2E,2026-03-15 16:04:03,belongs
521,SEQ_C61DD569BF45,2026-03-15 16:04:14,belongs
526,SEQ_CBE111D988D8,2026-03-15 16:04:34,belongs
527,SEQ_63801C57AF6F,2026-03-15 16:04:39,belongs
528,SEQ_36C4B3931420,2026-03-15 16:04:40,belongs
529,SEQ_922F8BB3E0EA,2026-03-15 16:04:41,belongs
532,SEQ_34E1B0363623,2026-03-15 16:04:46,belongs
533,SEQ_87CCE9BBB103,2026-03-15 16:04:46,belongs
534,SEQ_52A823D3828F,2026-03-15 16:04:47,belongs
535,SEQ_C468263F8BAF,2026-03-15 16:04:48,belongs
536,SEQ_688BDC5BD65E,2026-03-15 16:04:49,belongs
540,SEQ_AD687321CF4C,2026-03-15 18:46:12,belongs
541,SEQ_2C8905359E3B,2026-03-15 18:46:13,belongs
542,SEQ_9637B8642093,2026-03-15 18:46:16,belongs
545,SEQ_C0F1D17D3E78,2026-03-15 18:46:22,belongs
546,SEQ_4C4A833BC4FA,2026-03-15 18:46:23,belongs
547,SEQ_45C91BE483CD,2026-03-15 18:46:24,belongs
548,SEQ_5044768A906B,2026-03-15 18:46:25,belongs
549,SEQ_DCF5962650D7,2026-03-15 18:46:26,belongs
550,SEQ_13BEF5431854,2026-03-15 18:46:26,belongs
551,SEQ_BBF893294599,2026-03-15 18:46:27,belongs
552,SEQ_6DD26A3FD889,2026-03-15 18:51:46,belongs
553,SEQ_8D02A22E1C2A,2026-03-15 18:51:47,belongs
554,SEQ_0F00F2E6B1DF,2026-03-15 18:51:48,belongs
555,SEQ_AD422C5621F6,2026-03-15 18:51:48,belongs
556,SEQ_D0D73EE56026,2026-03-15 18:51:49,belongs
557,SEQ_D35B87C7EACE,2026-03-15 18:51:50,belongs
558,SEQ_47ED6C89D96C,2026-03-15 18:51:50,belongs
559,SEQ_D8C9DDA12A7E,2026-03-15 18:51:51,belongs
560,SEQ_69ED09FE0FF3,2026-03-15 18:51:51,belongs
561,SEQ_4721660F144B,2026-03-15 18:51:53,belongs
562,SEQ_94C36847C615,2026-03-15 18:52:00,belongs
563,SEQ_402F96509C3E,2026-03-15 18:52:01,belongs
564,SEQ_BD5EC1CC1ECF,2026-03-15 18:52:03,belongs
565,SEQ_1AC2A9E44ED9,2026-03-15 18:52:04,belongs
566,SEQ_879ED9668089,2026-03-15 18:52:12,belongs_but_complex
567,SEQ_F82031001B34,2026-03-15 18:52:14,belongs
570,SEQ_6CE9AEC60B3C,2026-03-15 20:46:02,belongs
571,SEQ_554EBB4EFF5C,2026-03-15 18:52:33,belongs
576,SEQ_D7807A76AB83,2026-03-15 20:46:06,belongs
580,SEQ_474452DE8426,2026-03-15 20:03:08,belongs
599,SEQ_226E54CF054A,2026-03-15 18:52:46,belongs
603,SEQ_9DDDDC3033C7,2026-03-15 20:46:37,belongs
608,SEQ_848FAE16E456,2026-03-15 20:46:39,belongs
612,SEQ_53264A9E5168,2026-03-15 20:46:44,belongs
613,SEQ_8EA9C12C81AD,2026-03-15 20:46:45,belongs
618,SEQ_E96CEA854DAF,2026-03-15 20:47:44,belongs
634,SEQ_3FC6EA3C2183,2026-03-15 20:47:49,belongs
635,SEQ_357DAD8A9EC9,2026-03-15 20:47:50,belongs
638,SEQ_EF8CFABC8076,2026-03-15 20:47:52,belongs
646,SEQ_99D7A9F65472,2026-03-15 20:47:59,belongs
647,SEQ_BEFA3AF12B96,2026-03-15 20:48:00,belongs
649,SEQ_FA7B4A6C4C9C,2026-03-15 20:48:01,belongs
652,SEQ_32F0A594876A,2026-03-15 20:48:03,belongs
653,SEQ_160B3E2C2E5C,2026-03-15 20:48:04,belongs
655,SEQ_F1C7407144DD,2026-03-15 20:48:07,belongs
658,SEQ_0DEE059613E7,2026-03-15 20:48:08,belongs
660,SEQ_A47DBBADED79,2026-03-15 20:48:10,belongs
661,SEQ_88D64DE2D577,2026-03-15 20:48:10,belongs
665,SEQ_D91C51899CF8,2026-03-15 20:48:11,belongs
685,SEQ_D769EC4004EC,2026-03-15 20:48:19,belongs
717,SEQ_76A9EF3CD42A,2026-03-15 20:48:33,belongs
718,SEQ_64931E291543,2026-03-15 20:48:34,belongs
719,SEQ_DC2CB39DBD00,2026-03-15 20:48:35,belongs
731,SEQ_E3E2B14669FD,2026-03-15 20:49:15,belongs
732,SEQ_B7DA7F41AA26,2026-03-15 20:49:17,belongs
759,SEQ_4471B6DAA7A6,2026-03-15 19:20:46,belongs
762,SEQ_24C8FF747644,2026-03-15 20:52:57,belongs
763,SEQ_E97FF40AD670,2026-03-15 20:52:58,belongs
766,SEQ_8D92B62CEED0,2026-03-15 20:32:16,belongs
769,SEQ_E1207223E578,2026-03-15 20:32:17,belongs
772,SEQ_68F45D55ECBE,2026-03-15 20:32:25,belongs_but_complex
779,SEQ_84484723985B,2026-03-15 20:32:30,belongs
780,SEQ_3AF6845C527E,2026-03-15 19:33:41,belongs
786,SEQ_C9ABBEAADFFD,2026-03-15 20:13:13,belongs_but_complex
787,SEQ_6BB0F6E18C30,2026-03-15 20:13:18,belongs_but_complex
788,SEQ_229E2C6963C0,2026-03-15 20:25:05,belongs
789,SEQ_4B0B9E2E03D4,2026-03-15 19:20:47,belongs
790,SEQ_4839792C59E8,2026-03-15 19:20:48,belongs
805,SEQ_B2088DC068AF,2026-03-15 20:03:27,belongs
852,SEQ_F800312234F0,2026-03-15 20:53:00,belongs
853,SEQ_F3E66439AC4F,2026-03-15 20:53:02,belongs
854,SEQ_FE42E14ECFAF,2026-03-15 20:53:03,belongs
855,SEQ_6BABAB54D422,2026-03-15 19:32:05,belongs
856,SEQ_5E501FE2F263,2026-03-15 18:53:03,belongs
872,SEQ_7596B2E76E9B,2026-03-15 20:53:03,belongs
925,SEQ_8808E831E49D,2026-03-15 20:53:09,belongs
931,SEQ_50DF40471E58,2026-03-15 20:53:33,belongs
933,SEQ_142C11D0379F,2026-03-15 20:53:37,belongs
936,SEQ_EA873B42A3D5,2026-03-15 18:53:07,belongs
937,SEQ_7C81A0AD22D6,2026-03-15 18:53:10,belongs
938,SEQ_C24BF3D91573,2026-03-15 18:53:13,belongs
939,SEQ_B11D81F62F55,2026-03-15 18:53:14,belongs
942,SEQ_56C0FC0CF1FA,2026-03-15 18:53:42,belongs
944,SEQ_FFB88A84DFF0,2026-03-15 20:53:40,belongs
946,SEQ_65A2CDEFB091,2026-03-15 20:53:41,belongs
952,SEQ_324076BF5F6C,2026-03-15 20:53:43,belongs
953,SEQ_7010F9153567,2026-03-15 20:53:44,belongs
958,SEQ_794223A2B993,2026-03-15 20:03:33,belongs
959,SEQ_2C6C49A14E11,2026-03-15 20:03:34,belongs
960,SEQ_3E5D62EBFB21,2026-03-15 20:03:46,belongs_but_complex
962,SEQ_5C924820FF58,2026-03-15 20:04:06,belongs_but_complex
963,SEQ_E521662B6EBA,2026-03-15 20:04:08,belongs
986,SEQ_30DF2C3FFAB1,2026-03-15 18:54:04,belongs
987,SEQ_371E806410FD,2026-03-15 19:20:52,belongs_but_complex
988,SEQ_71AAD7C6F887,2026-03-15 19:20:54,belongs
995,SEQ_EF727C48ED39,2026-03-15 19:20:55,belongs
997,SEQ_AA8FEB758F43,2026-03-15 20:13:19,belongs
1007,SEQ_9C27B5B8EAAA,2026-03-15 19:20:58,belongs
1008,SEQ_9E2EA2DCF6BF,2026-03-15 18:54:07,belongs
1011,SEQ_81A863A45F70,2026-03-15 18:54:08,belongs
1013,SEQ_11268CAC87A9,2026-03-15 20:53:54,belongs
1018,SEQ_4FC37D4DAD4A,2026-03-15 19:21:14,belongs
1019,SEQ_6AD5BB3AABA9,2026-03-15 19:21:15,belongs
1020,SEQ_AA97FB86CB51,2026-03-15 19:21:16,belongs
1021,SEQ_FA99C034C9DB,2026-03-15 19:21:16,belongs
1022,SEQ_5DD86C625D8F,2026-03-15 19:21:26,belongs
1023,SEQ_F9AA705E1AF3,2026-03-15 19:23:05,belongs
1024,SEQ_E19EADFE1E89,2026-03-15 19:23:06,belongs
1031,SEQ_CE6C600E21C4,2026-03-15 19:32:17,belongs_but_complex
1035,SEQ_EE6A840F3BBB,2026-03-15 20:53:59,belongs
1038,SEQ_9222FD522BB8,2026-03-15 20:04:09,belongs
1039,SEQ_D9874D90FA34,2026-03-15 20:04:10,belongs
1040,SEQ_1396723090D7,2026-03-15 18:54:10,belongs
1042,SEQ_50BF2BC7C333,2026-03-15 20:04:11,belongs
1043,SEQ_D8D391DD2EE6,2026-03-15 20:04:12,belongs
1044,SEQ_DF75A7B9C8C4,2026-03-15 20:04:13,belongs
1045,SEQ_ADCB2827DDCB,2026-03-15 20:04:13,belongs
1046,SEQ_302FAB1510D0,2026-03-15 20:04:14,belongs
1047,SEQ_642468344D36,2026-03-15 20:04:15,belongs
1048,SEQ_7BB5E2F8C66C,2026-03-15 20:04:20,belongs
1049,SEQ_621625CE9EDA,2026-03-15 20:04:20,belongs
1050,SEQ_B258BDF1587E,2026-03-15 20:04:21,belongs
1051,SEQ_63C3DB46F8DC,2026-03-15 20:04:22,belongs
1052,SEQ_147A3EDD6252,2026-03-15 20:04:23,belongs
1053,SEQ_62BF20D37FD9,2026-03-15 20:04:23,belongs
1054,SEQ_2D8090C48D4F,2026-03-15 20:04:24,belongs
1055,SEQ_C9C8EBBA0CB9,2026-03-15 20:04:25,belongs
1056,SEQ_766516CD7575,2026-03-15 20:04:26,belongs
1057,SEQ_0A7B0062A333,2026-03-15 20:04:27,belongs
1058,SEQ_6DBB0441690B,2026-03-15 20:04:28,belongs
1059,SEQ_05A12620E152,2026-03-15 20:04:28,belongs
1060,SEQ_CBBE40A4EDEC,2026-03-15 20:04:29,belongs
1061,SEQ_CE01086BA656,2026-03-15 20:04:30,belongs
1062,SEQ_4EE73C8CDB28,2026-03-15 20:04:31,belongs
1063,SEQ_2DB5970FEE45,2026-03-15 20:04:31,belongs
1064,SEQ_1A00EBB24808,2026-03-15 20:04:32,belongs
1065,SEQ_55377044C95C,2026-03-15 20:04:33,belongs
1066,SEQ_2D41A2DE714B,2026-03-15 20:04:33,belongs
1067,SEQ_A513D1E952FE,2026-03-15 20:04:34,belongs
1068,SEQ_B81EE1FF072C,2026-03-15 20:04:34,belongs
1069,SEQ_EA42F07C6675,2026-03-15 20:04:35,belongs
1070,SEQ_8A4D6F8FF024,2026-03-15 20:04:35,belongs
1071,SEQ_B7A1493D1CA4,2026-03-15 20:04:36,belongs
1072,SEQ_3A97B50A9E74,2026-03-15 20:04:37,belongs
1073,SEQ_33E33F379F53,2026-03-15 20:04:45,belongs
1074,SEQ_79DE70239553,2026-03-15 20:04:46,belongs
1075,SEQ_BFE1F953FE95,2026-03-15 20:04:46,belongs
1076,SEQ_55DD96BD9346,2026-03-15 20:04:47,belongs
1077,SEQ_3729708EBF1F,2026-03-15 20:04:48,belongs
1078,SEQ_85325B5AC492,2026-03-15 20:04:49,belongs
1079,SEQ_43C49A2B13D1,2026-03-15 20:04:50,belongs
1080,SEQ_7316C0406339,2026-03-15 20:04:50,belongs
1081,SEQ_52716F2FAEEC,2026-03-15 20:04:51,belongs
1083,SEQ_464C1F9F1210,2026-03-15 20:04:52,belongs
1084,SEQ_EE12A7C4C03E,2026-03-15 20:04:53,belongs
1085,SEQ_DCD911381F84,2026-03-15 20:04:54,belongs
1086,SEQ_1BFF1C273554,2026-03-15 20:04:55,belongs
1087,SEQ_52D5D152BFF5,2026-03-15 20:04:55,belongs
1088,SEQ_EEAA34738F23,2026-03-15 20:04:56,belongs
1089,SEQ_1BDCC06F8537,2026-03-15 20:04:57,belongs
1090,SEQ_B64F18BA2482,2026-03-15 20:04:58,belongs
1091,SEQ_E800024E95B7,2026-03-15 20:04:59,belongs
1092,SEQ_6401B7529C24,2026-03-15 20:05:00,belongs
1093,SEQ_DB43FDC07B11,2026-03-15 20:05:00,belongs
1096,SEQ_E3682B5C5EA5,2026-03-15 20:05:10,belongs
1097,SEQ_DB22CB7A7D51,2026-03-15 20:05:11,belongs
1098,SEQ_16718319BF37,2026-03-15 20:05:12,belongs
1099,SEQ_F04D396B988C,2026-03-15 20:05:18,belongs
1100,SEQ_5A8FB44BF8B4,2026-03-15 20:05:19,belongs
1101,SEQ_CD372F3B760D,2026-03-15 20:05:20,belongs
1102,SEQ_3090A28E0EFD,2026-03-15 20:05:21,belongs
1103,SEQ_626829ED76EF,2026-03-15 20:05:22,belongs
1104,SEQ_D2C125EECAAE,2026-03-15 20:05:22,belongs
1105,SEQ_55B9A72DFDD9,2026-03-15 20:05:23,belongs
1106,SEQ_71D6B30822DD,2026-03-15 20:05:24,belongs
1107,SEQ_13D25173E65C,2026-03-15 20:05:25,belongs
1108,SEQ_5F183315D4EC,2026-03-15 20:05:27,belongs
1109,SEQ_9C1BFE9F677E,2026-03-15 20:05:28,belongs
1110,SEQ_28575910E564,2026-03-15 20:05:28,belongs
1111,SEQ_0650A928E56C,2026-03-15 20:05:29,belongs
1112,SEQ_D69AD2658C17,2026-03-15 20:05:30,belongs
1113,SEQ_C1A3FDDD2545,2026-03-15 20:05:33,belongs
1114,SEQ_3AB94A745EF2,2026-03-15 20:05:35,belongs
1115,SEQ_DAEB38D3EA2B,2026-03-15 20:05:36,belongs
1116,SEQ_C8F187AC8C3D,2026-03-15 20:05:37,belongs
1117,SEQ_BAE0174125B3,2026-03-15 20:05:38,belongs
1118,SEQ_0FFAD25AE2C0,2026-03-15 20:05:39,belongs
1119,SEQ_6080BDBE61AD,2026-03-15 20:05:40,belongs
1120,SEQ_CFBA80427331,2026-03-15 20:05:40,belongs
1121,SEQ_2FDA7FA2E528,2026-03-15 20:05:41,belongs
1122,SEQ_C582F238D434,2026-03-15 20:05:42,belongs
1123,SEQ_C13DA9C40D32,2026-03-15 20:39:48,belongs
1125,SEQ_EAEFC9A450F8,2026-03-15 20:05:42,belongs
1126,SEQ_5DB9D5B06D59,2026-03-15 20:06:10,belongs
1127,SEQ_F1C914784257,2026-03-15 20:06:11,belongs
1128,SEQ_49719762CC55,2026-03-15 20:06:12,belongs
1129,SEQ_CB062327B955,2026-03-15 20:06:12,belongs
1130,SEQ_A7DCFDC28978,2026-03-15 20:06:13,belongs
1131,SEQ_C85372E3FD33,2026-03-15 20:06:13,belongs
1132,SEQ_0EE2F018124A,2026-03-15 20:06:14,belongs
1133,SEQ_ABFB8BE1998E,2026-03-15 20:06:15,belongs
1134,SEQ_DD1A57A020FF,2026-03-15 20:06:15,belongs
1135,SEQ_94B08B5935AE,2026-03-15 20:06:16,belongs
1142,SEQ_EFB90CF3F8B3,2026-03-15 20:00:24,belongs
1143,SEQ_16BBFE134FE9,2026-03-15 20:00:25,belongs
1145,SEQ_2B241F0F280E,2026-03-15 20:00:33,belongs
1154,SEQ_B0766FE71707,2026-03-15 20:00:34,belongs
1155,SEQ_3A2B3670A3EA,2026-03-15 20:00:34,belongs
1164,SEQ_BAF08366614F,2026-03-15 19:23:14,belongs
1165,SEQ_E7C5FCA311CE,2026-03-15 19:34:04,belongs
1166,SEQ_F868D804C713,2026-03-15 20:13:20,belongs
1170,SEQ_7437A705B3E7,2026-03-15 20:06:17,belongs
1172,SEQ_92B785CB0A9C,2026-03-15 20:06:21,belongs
1174,SEQ_2ACB4262357A,2026-03-15 20:06:23,belongs
1175,SEQ_5879171F20E0,2026-03-15 20:06:24,belongs
1180,SEQ_E338355B79B3,2026-03-15 20:39:55,belongs
1181,SEQ_913DFA4440AF,2026-03-15 20:39:58,belongs
1183,SEQ_B6AD7D38E870,2026-03-15 19:34:28,belongs
1184,SEQ_AA7F237A8919,2026-03-15 19:34:33,belongs
1195,SEQ_F39519E23676,2026-03-15 20:39:59,belongs
1197,SEQ_2E09491F3A05,2026-03-15 20:40:00,belongs
1199,SEQ_06DEA59C61BD,2026-03-15 20:32:49,belongs_but_complex
1200,SEQ_0E256123C5D1,2026-03-15 20:40:01,belongs
1201,SEQ_6D7C8B31707C,2026-03-15 20:13:23,belongs_but_complex
1202,SEQ_1E3684A965BB,2026-03-15 20:40:02,belongs
1204,SEQ_B0838071AE16,2026-03-15 20:13:25,belongs
1205,SEQ_2C0E32A63F2A,2026-03-15 20:13:27,belongs
1206,SEQ_5094FC9DCD03,2026-03-15 20:13:31,belongs_but_complex
1207,SEQ_CF2185905107,2026-03-15 20:40:04,belongs
1209,SEQ_664F51E69502,2026-03-15 20:01:15,belongs_but_complex
1210,SEQ_053FFDB924D3,2026-03-15 19:34:41,belongs_but_complex
1211,SEQ_F2D95FA7CA7A,2026-03-15 20:01:20,belongs_but_complex
1213,SEQ_B66D6923AA45,2026-03-15 18:54:13,belongs
1219,SEQ_4EB9E02E4F8A,2026-03-15 19:34:57,belongs_but_complex
1224,SEQ_FE34FCA478B6,2026-03-15 20:13:33,belongs
1228,SEQ_C5D2F162404A,2026-03-15 19:49:35,belongs
1230,SEQ_2549C6F1545B,2026-03-15 20:33:11,belongs
1231,SEQ_04D974EF3A78,2026-03-15 19:49:43,belongs
1233,SEQ_8D788DA06E3F,2026-03-15 19:35:01,belongs_but_complex
1234,SEQ_C77CD4D0B097,2026-03-15 20:33:19,belongs_but_complex
1235,SEQ_86ED9068BC3F,2026-03-15 19:35:13,belongs
1236,SEQ_D841EBEEC805,2026-03-15 20:33:25,belongs
1237,SEQ_E4EA997AC4F5,2026-03-15 19:35:20,belongs
1238,SEQ_07630112A11A,2026-03-15 19:35:31,belongs
1240,SEQ_58918E464CDE,2026-03-15 19:35:43,belongs_but_complex
1271,SEQ_131E86FCD02E,2026-03-15 20:13:34,belongs
1272,SEQ_B6B13393D2A9,2026-03-15 20:33:26,belongs
1273,SEQ_14315019FD29,2026-03-15 20:33:27,belongs
1274,SEQ_07B9621965F6,2026-03-15 20:13:34,belongs
1275,SEQ_DE6809BF3DA0,2026-03-15 20:13:35,belongs
1276,SEQ_8C70DAA79C12,2026-03-15 20:13:36,belongs
1280,SEQ_72D07068C45E,2026-03-15 20:40:19,belongs
1281,SEQ_E345A7E52B30,2026-03-15 20:13:37,belongs
1285,SEQ_B8ECC24617E4,2026-03-15 20:13:51,belongs_but_complex
1286,SEQ_0FE2A82C75CC,2026-03-15 20:13:54,belongs_but_complex
1287,SEQ_DD390BD6618B,2026-03-15 20:13:58,belongs_but_complex
1288,SEQ_B9790A258E79,2026-03-15 20:33:44,belongs
1289,SEQ_42E90368788F,2026-03-15 20:14:07,belongs_but_complex
1290,SEQ_D1DE05651CD5,2026-03-15 20:14:09,belongs
1292,SEQ_1C69B95FFF7C,2026-03-15 20:06:25,belongs
1297,SEQ_98E39D0AAEED,2026-03-15 19:36:10,belongs
1298,SEQ_38265846653E,2026-03-15 20:06:25,belongs
1299,SEQ_9DF1669A3490,2026-03-15 20:06:26,belongs
1300,SEQ_727D091D17B1,2026-03-15 20:06:26,belongs
1301,SEQ_23678349F856,2026-03-15 20:06:27,belongs
1302,SEQ_BE2BC7607FC4,2026-03-15 20:06:27,belongs
1303,SEQ_EC446FD807EF,2026-03-15 20:06:28,belongs
1304,SEQ_59849E9E398B,2026-03-15 20:06:28,belongs
1305,SEQ_47DF988F4FB1,2026-03-15 20:40:19,belongs
1306,SEQ_5280192C1760,2026-03-15 20:33:46,belongs
1310,SEQ_0D402EEFD6AA,2026-03-15 19:36:41,belongs_but_complex
1313,SEQ_088238503058,2026-03-15 20:40:20,belongs
1318,SEQ_F1C9AFAB1037,2026-03-15 20:40:21,belongs
1319,SEQ_10DA231968E3,2026-03-15 20:14:09,belongs
1320,SEQ_29518A94B59F,2026-03-15 20:14:10,belongs
1328,SEQ_1D442C0A941F,2026-03-15 20:54:23,belongs
1329,SEQ_B47F85503547,2026-03-15 20:40:22,belongs
1330,SEQ_CA14902C8B97,2026-03-15 20:40:24,belongs
1334,SEQ_87DE60EA3BB2,2026-03-15 20:14:11,belongs
1336,SEQ_D7D6CEEFFE79,2026-03-15 19:49:54,belongs_but_complex
1344,SEQ_B5D9B9CC7A75,2026-03-15 19:37:02,belongs
1346,SEQ_6C7A87BAE1CF,2026-03-15 19:37:09,belongs
1347,SEQ_7C1F46779538,2026-03-15 19:37:10,belongs
1348,SEQ_81E5C20A0D6D,2026-03-15 20:34:07,belongs
1351,SEQ_1D2E1F4B9A7F,2026-03-15 20:40:27,belongs
1352,SEQ_2F3EFF3BF351,2026-03-15 18:54:16,belongs
1356,SEQ_962E4B19FA9E,2026-03-15 20:34:20,belongs
1357,SEQ_6A2DDCC738E7,2026-03-15 20:34:22,belongs
1359,SEQ_CEA00F4F4F57,2026-03-15 19:37:12,belongs
1360,SEQ_CBB51FD7EB32,2026-03-15 20:34:25,belongs
1361,SEQ_DECC793CF0C4,2026-03-15 19:39:07,belongs
1368,SEQ_0FA59BD57324,2026-03-15 19:39:24,belongs
1369,SEQ_2022E12B94A5,2026-03-15 19:39:58,belongs_but_complex
1370,SEQ_77A3299892AC,2026-03-15 19:40:04,belongs
1371,SEQ_51BC83C41807,2026-03-15 19:40:07,belongs
1373,SEQ_1C4E7FA417E8,2026-03-15 19:23:32,belongs
1374,SEQ_6BF3F468540C,2026-03-15 19:23:34,belongs
1378,SEQ_B7CD838995C3,2026-03-15 20:34:39,belongs
1382,SEQ_8E8E5ADC429D,2026-03-15 19:40:30,belongs
1386,SEQ_E7D6BCBF37AA,2026-03-15 20:14:35,belongs_but_complex
1388,SEQ_F2236B147797,2026-03-15 19:49:58,belongs
1390,SEQ_93372058F153,2026-03-15 20:34:43,belongs
1391,SEQ_466A64652CC7,2026-03-15 20:40:48,belongs
1392,SEQ_52AC10363C78,2026-03-15 19:40:54,belongs
1393,SEQ_A6561807AACE,2026-03-15 20:34:45,belongs
1395,SEQ_F9ABE375DEE2,2026-03-15 20:14:37,belongs
1396,SEQ_4246D4E501A6,2026-03-15 20:14:38,belongs
1397,SEQ_2450F5691DD8,2026-03-15 20:34:47,belongs
1398,SEQ_12E0928A22FB,2026-03-15 19:53:19,belongs
1399,SEQ_7F51106BA1C3,2026-03-15 19:53:27,belongs
1405,SEQ_90EA73DB937E,2026-03-15 19:53:29,belongs
1406,SEQ_BC640968D914,2026-03-15 19:53:30,belongs
1407,SEQ_EF2CD2BC99ED,2026-03-15 19:53:31,belongs
1408,SEQ_68E2356515F0,2026-03-15 19:53:32,belongs
1409,SEQ_64A292777720,2026-03-15 19:53:32,belongs
1410,SEQ_88CDB0AFBE85,2026-03-15 19:54:10,belongs
1411,SEQ_42A96C49D664,2026-03-15 19:54:13,belongs
1412,SEQ_1A54EFDDFFAE,2026-03-15 19:54:16,belongs
1414,SEQ_703F40443EBD,2026-03-15 20:40:52,belongs
1427,SEQ_0C0E235DF4C8,2026-03-15 19:23:35,belongs
1428,SEQ_2D364B973A3C,2026-03-15 20:35:04,belongs
1430,SEQ_50F4623C75B7,2026-03-15 19:54:42,belongs
1432,SEQ_515CBD612312,2026-03-15 20:41:00,belongs
1435,SEQ_F8E77CA42B68,2026-03-15 19:40:58,belongs
1442,SEQ_B994B76110EF,2026-03-15 19:23:40,belongs
1443,SEQ_71DC455C264F,2026-03-15 19:23:42,belongs
1444,SEQ_DFFC639F6BCE,2026-03-15 19:23:42,belongs
1445,SEQ_AE6FFB435AE5,2026-03-15 19:23:43,belongs
1446,SEQ_1FB7C2FC760B,2026-03-15 19:23:44,belongs
1447,SEQ_2C7461B10B7B,2026-03-15 19:23:45,belongs
1448,SEQ_7B7E1E58B9CC,2026-03-15 19:23:46,belongs
1449,SEQ_53980FB4859F,2026-03-15 19:23:47,belongs
1450,SEQ_BF36D9289469,2026-03-15 19:23:47,belongs
1451,SEQ_139E26E53335,2026-03-15 19:23:49,belongs
1452,SEQ_9A172650CDA6,2026-03-15 19:23:49,belongs
1453,SEQ_1A573BAF3F17,2026-03-15 19:23:50,belongs
1454,SEQ_238AFF69B27B,2026-03-15 19:23:51,belongs
1455,SEQ_D5D11AFAF89D,2026-03-15 19:23:52,belongs
1456,SEQ_A7FC2AA14A3A,2026-03-15 19:23:52,belongs
1457,SEQ_EB3A760EC2A0,2026-03-15 19:23:53,belongs
1458,SEQ_13A55AC135FC,2026-03-15 19:23:53,belongs
1459,SEQ_AC6ABF3CD83B,2026-03-15 19:23:55,belongs
1460,SEQ_9E63104CD44D,2026-03-15 19:41:01,belongs_but_complex
1463,SEQ_EDB521E5541B,2026-03-15 19:41:09,belongs
1465,SEQ_A628F0B22C26,2026-03-15 20:41:09,belongs_but_complex
1466,SEQ_9F40B0159C8F,2026-03-15 20:06:30,belongs
1467,SEQ_B7F94CED7BCC,2026-03-15 20:06:40,belongs
1468,SEQ_A9C1B0F3BB21,2026-03-15 20:06:41,belongs
1469,SEQ_23D0525D885F,2026-03-15 20:06:41,belongs
1470,SEQ_ADEDA433A91B,2026-03-15 20:06:45,belongs_but_complex
1471,SEQ_787D5EA832FE,2026-03-15 20:06:47,belongs_but_complex
1473,SEQ_CF0E1C787960,2026-03-15 20:06:56,belongs
1474,SEQ_91CE85878CB8,2026-03-15 20:06:56,belongs
1475,SEQ_9BB1E16AB290,2026-03-15 20:06:57,belongs
1476,SEQ_19EAD4DE7D93,2026-03-15 20:06:58,belongs
1477,SEQ_2BD1179196CC,2026-03-15 20:06:58,belongs
1478,SEQ_05866AB697B0,2026-03-15 20:06:59,belongs
1479,SEQ_D138F1AF76AE,2026-03-15 20:07:00,belongs
1480,SEQ_BF441FA45EBD,2026-03-15 20:07:06,belongs_but_complex
1481,SEQ_FB98D4E206E4,2026-03-15 20:07:09,belongs_but_complex
1484,SEQ_88696239DF0C,2026-03-15 20:07:10,belongs
1485,SEQ_561F80B73B99,2026-03-15 20:07:11,belongs
1488,SEQ_93795BE8AE25,2026-03-15 20:07:12,belongs
1489,SEQ_8042E464D36D,2026-03-15 20:07:12,belongs
1490,SEQ_13A69BB1420F,2026-03-15 20:07:13,belongs
1491,SEQ_D55AF3EC700B,2026-03-15 20:07:14,belongs
1494,SEQ_0D2527621323,2026-03-15 20:35:08,belongs
1495,SEQ_F0701F37345D,2026-03-15 20:35:09,belongs
1498,SEQ_A9469B71C58C,2026-03-15 20:35:10,belongs
1499,SEQ_16E1FEA62706,2026-03-15 20:35:19,belongs
1500,SEQ_2653C5151788,2026-03-15 20:35:20,belongs
1501,SEQ_D755A57005FF,2026-03-15 19:23:56,belongs
1502,SEQ_604744FE9002,2026-03-15 19:23:57,belongs
1503,SEQ_93A6448A74AB,2026-03-15 19:23:58,belongs
1504,SEQ_86511221DA91,2026-03-15 19:24:01,belongs
1505,SEQ_FA26EB5E0EAD,2026-03-15 19:24:03,belongs
1506,SEQ_ECC12A1C943D,2026-03-15 19:24:05,belongs
1507,SEQ_F2D38D5404B7,2026-03-15 19:24:06,belongs
1508,SEQ_584E551EE0FE,2026-03-15 19:24:07,belongs
1510,SEQ_1C2BC1642920,2026-03-15 19:24:11,belongs
1511,SEQ_A20CFA00CAE2,2026-03-15 19:24:11,belongs
1512,SEQ_08CB8CF9E0D9,2026-03-15 19:24:12,belongs
1513,SEQ_BA64E72C05B5,2026-03-15 19:24:12,belongs
1518,SEQ_BE788DA549BA,2026-03-15 19:24:23,belongs
1519,SEQ_C3B618784F29,2026-03-15 19:24:25,belongs
1524,SEQ_4DB73D3ACAFE,2026-03-15 19:24:30,belongs
1526,SEQ_FF604255333F,2026-03-15 20:35:28,belongs
1527,SEQ_6C8480F862CD,2026-03-15 19:54:46,belongs
1529,SEQ_AA983B41635B,2026-03-15 20:26:21,belongs
1531,SEQ_5C0EE09DBC93,2026-03-15 20:35:45,belongs
1533,SEQ_00F0474709A8,2026-03-15 19:24:35,belongs
1534,SEQ_8E813C58140C,2026-03-15 20:14:38,belongs
1535,SEQ_4B36E9C96507,2026-03-15 20:14:39,belongs
1536,SEQ_F41E34A29807,2026-03-15 20:14:40,belongs
1537,SEQ_A5E794801678,2026-03-15 20:14:41,belongs
1538,SEQ_C853C6642382,2026-03-15 20:14:41,belongs
1539,SEQ_E69A61328AA2,2026-03-15 20:14:42,belongs
1540,SEQ_F3D6CC7DD12A,2026-03-15 20:14:43,belongs
1541,SEQ_A02530FED789,2026-03-15 20:14:43,belongs
1542,SEQ_82EB0CDA83CC,2026-03-15 20:14:44,belongs
1543,SEQ_1E48DDDCED21,2026-03-15 20:14:45,belongs
1544,SEQ_9C88527D085D,2026-03-15 20:35:48,belongs
1546,SEQ_F60A0AFAFF73,2026-03-15 20:36:03,belongs
1548,SEQ_F96A8FD465F7,2026-03-15 19:03:41,belongs
1549,SEQ_DE22EE1DF858,2026-03-15 19:03:42,belongs
1550,SEQ_76E48B791C6B,2026-03-15 19:03:45,belongs
1551,SEQ_DDDE3DDA77F6,2026-03-15 19:03:46,belongs
1552,SEQ_84AE353C02A8,2026-03-15 19:03:48,belongs
1553,SEQ_776C10E539BC,2026-03-15 19:03:48,belongs
1555,SEQ_DFB3AB636683,2026-03-15 19:03:52,belongs
1562,SEQ_5D26157116E7,2026-03-15 19:04:03,belongs
1563,SEQ_234EE1C0EE92,2026-03-15 19:04:05,belongs
1564,SEQ_5A0A9293AD36,2026-03-15 19:04:06,belongs
1565,SEQ_12F74AE8398D,2026-03-15 19:04:07,belongs
1566,SEQ_57C3EA9CB786,2026-03-15 19:04:08,belongs
1568,SEQ_7C8045936426,2026-03-15 19:04:12,belongs
1573,SEQ_F1B2EF9C9712,2026-03-15 19:04:14,belongs
1574,SEQ_BF992603EB92,2026-03-15 19:04:22,belongs_but_complex
1581,SEQ_79AA58C7E25A,2026-03-15 19:24:42,belongs
1582,SEQ_DDD96C49014F,2026-03-15 19:24:44,belongs
1585,SEQ_E3E88212CB66,2026-03-15 20:36:05,belongs
1586,SEQ_AF51152E43A0,2026-03-15 19:10:27,belongs
1588,SEQ_98311ADC9796,2026-03-15 20:36:13,belongs
1589,SEQ_0F220A451552,2026-03-15 20:41:21,belongs
1591,SEQ_54CE6E8B613D,2026-03-15 19:54:53,belongs
1593,SEQ_1CA6DC0A49B4,2026-03-15 19:10:32,belongs
1597,SEQ_CF30D187803E,2026-03-15 19:10:37,belongs
1598,SEQ_1CF0F97C144A,2026-03-15 19:10:38,belongs
1599,SEQ_89088AECA77B,2026-03-15 19:10:39,belongs
1601,SEQ_91A14F338700,2026-03-15 19:10:45,belongs
1604,SEQ_DA8AA7CC77E0,2026-03-15 20:36:14,belongs
1605,SEQ_0CA3CD6ADE85,2026-03-15 20:36:14,belongs
1608,SEQ_EB4534B7800A,2026-03-15 20:41:22,belongs
1609,SEQ_E9785C30B20C,2026-03-15 19:41:19,belongs_but_complex
1612,SEQ_43A796FB26E7,2026-03-15 19:41:28,belongs_but_complex
1613,SEQ_E6569852AAFD,2026-03-15 19:41:31,belongs
1614,SEQ_6FA6D50E6C4C,2026-03-15 19:41:37,belongs
1615,SEQ_9383C65AF401,2026-03-15 20:41:23,belongs
1616,SEQ_883250AC2BB3,2026-03-15 20:41:24,belongs
1617,SEQ_9A01101AE19E,2026-03-15 20:41:25,belongs
1618,SEQ_BEB25AC8CA34,2026-03-15 20:41:26,belongs
1619,SEQ_3B6190C5FDEB,2026-03-15 20:41:27,belongs
1620,SEQ_872B905748FD,2026-03-15 20:41:27,belongs
1621,SEQ_50FAD7314A70,2026-03-15 20:41:30,belongs
1622,SEQ_3C4A760A450C,2026-03-15 20:41:30,belongs
1624,SEQ_5BB8201A77E3,2026-03-15 20:41:31,belongs
1626,SEQ_3E7D84264801,2026-03-15 19:24:49,belongs
1627,SEQ_EBB5882EA86D,2026-03-15 19:28:55,belongs
1631,SEQ_E41ED928C377,2026-03-15 20:54:51,belongs
1636,SEQ_C16CBB6211A4,2026-03-15 19:11:49,belongs
1637,SEQ_DD5D9A5AC8E9,2026-03-15 19:43:56,belongs
1640,SEQ_170CD844E091,2026-03-15 20:36:25,belongs
1641,SEQ_FE48CFAAB74F,2026-03-15 19:11:53,belongs
1649,SEQ_46DDCB322022,2026-03-15 19:12:21,belongs
1650,SEQ_862D71FB1673,2026-03-15 19:12:25,belongs
1651,SEQ_7DEFF1194CC5,2026-03-15 19:12:26,belongs
1652,SEQ_4CA042E0D079,2026-03-15 19:12:27,belongs
1653,SEQ_58C6CEF5D6C2,2026-03-15 19:12:28,belongs
1654,SEQ_BC0A74B2B05C,2026-03-15 19:12:36,belongs
1658,SEQ_3549A3BA31DB,2026-03-15 20:36:26,belongs
1659,SEQ_86573A2E6FB1,2026-03-15 20:36:26,belongs
1660,SEQ_4ADB8B54493E,2026-03-15 20:14:45,belongs
1663,SEQ_B2909736C4AA,2026-03-15 19:54:55,belongs
1664,SEQ_AFD3A54B6581,2026-03-15 19:44:02,belongs
1665,SEQ_CA876C0F7C44,2026-03-15 19:44:06,belongs
1666,SEQ_6326F631A7A2,2026-03-15 19:44:09,belongs
1668,SEQ_D0E5B4256019,2026-03-15 20:07:16,belongs
1669,SEQ_3E1D2FD0C4AA,2026-03-15 20:07:16,belongs
1670,SEQ_24E1D531E185,2026-03-15 20:14:46,belongs
1673,SEQ_13598AFE3707,2026-03-15 20:36:34,belongs
1676,SEQ_DD35B81C5D82,2026-03-15 20:36:39,belongs
1677,SEQ_ECAABA54BEC8,2026-03-15 20:36:42,belongs
1678,SEQ_314DDC691615,2026-03-15 20:36:52,belongs_but_complex
1679,SEQ_9DE0955785C7,2026-03-15 20:07:17,belongs
1680,SEQ_96E9EFFEE532,2026-03-15 20:07:18,belongs
1681,SEQ_91E9A16D4ADF,2026-03-15 20:41:32,belongs
1682,SEQ_DF147CF0D9B8,2026-03-15 20:41:33,belongs
1684,SEQ_0F83F070F76A,2026-03-15 20:07:27,belongs
1688,SEQ_23C67CFDF782,2026-03-15 20:07:31,belongs
1689,SEQ_230648F2589B,2026-03-15 20:07:31,belongs
1690,SEQ_9AB0C30407F9,2026-03-15 20:07:32,belongs
1691,SEQ_2AC3CEABCF0C,2026-03-15 20:07:32,belongs
1692,SEQ_DF7D916FC00A,2026-03-15 20:07:33,belongs
1693,SEQ_DE2598342C3E,2026-03-15 20:07:34,belongs
1694,SEQ_5F65C6EA6479,2026-03-15 20:07:34,belongs
1695,SEQ_964CD7A4A23B,2026-03-15 20:07:35,belongs
1696,SEQ_2FF364B72630,2026-03-15 20:07:39,belongs
1697,SEQ_5F1A35AC1FBE,2026-03-15 20:07:40,belongs
1698,SEQ_9B1CD45E98B2,2026-03-15 20:07:41,belongs
1699,SEQ_5815CE572855,2026-03-15 20:41:47,belongs
1701,SEQ_0DC0C58FDA98,2026-03-15 20:42:49,belongs
1702,SEQ_5EC4B892FEA2,2026-03-15 20:43:02,belongs_but_complex
1703,SEQ_3BF5C512ABEC,2026-03-15 20:07:42,belongs
1704,SEQ_87552D851FED,2026-03-15 20:07:42,belongs
1705,SEQ_79752B71EE52,2026-03-15 20:08:11,belongs
1706,SEQ_E9163F31FCD2,2026-03-15 20:08:12,belongs
1707,SEQ_858A1009C71B,2026-03-15 20:08:12,belongs
1708,SEQ_FEC0B1A5BDF1,2026-03-15 20:08:13,belongs
1709,SEQ_879F62B1178F,2026-03-15 20:08:14,belongs
1710,SEQ_17ACCA1BDECC,2026-03-15 20:08:14,belongs
1711,SEQ_97D81BF565ED,2026-03-15 20:08:15,belongs
1712,SEQ_96CAAB04162D,2026-03-15 20:08:16,belongs
1713,SEQ_FBC9F7BEC5A0,2026-03-15 20:08:19,belongs
1714,SEQ_D2344C03D8EE,2026-03-15 20:08:20,belongs
1715,SEQ_D4B49B4C93AC,2026-03-15 20:08:21,belongs
1716,SEQ_E634D32CCCF3,2026-03-15 20:08:21,belongs
1717,SEQ_4765E7F3F3BE,2026-03-15 20:08:22,belongs
1718,SEQ_CBE79D444CBA,2026-03-15 20:08:23,belongs
1719,SEQ_6C3629F3C236,2026-03-15 20:08:24,belongs
1720,SEQ_744C4C1B4167,2026-03-15 20:08:25,belongs
1722,SEQ_C6D83F244AB1,2026-03-15 20:08:25,belongs
1723,SEQ_0D280AEE37E0,2026-03-15 20:08:26,belongs
1724,SEQ_68356F7C0538,2026-03-15 20:08:28,belongs
1725,SEQ_B4DBE7CACEF5,2026-03-15 20:08:28,belongs
1726,SEQ_39C5F2A7DFB0,2026-03-15 20:08:29,belongs
1728,SEQ_CBCE07489F38,2026-03-15 20:08:32,belongs
1729,SEQ_15D03A2D732C,2026-03-15 20:43:04,belongs
1730,SEQ_F4CFFDB25B74,2026-03-15 20:08:33,belongs
1731,SEQ_1765D5F46605,2026-03-15 20:08:34,belongs
1732,SEQ_2B48D66356C8,2026-03-15 20:43:16,belongs_but_complex
1734,SEQ_787BEE6C5AAE,2026-03-15 20:43:18,belongs
1736,SEQ_271F0BF5DAEC,2026-03-15 20:08:35,belongs
1737,SEQ_43889C4CDB2D,2026-03-15 20:08:35,belongs
1739,SEQ_E225C8AA9415,2026-03-15 20:08:38,belongs
1740,SEQ_4D7806EAA3EF,2026-03-15 20:08:39,belongs
1741,SEQ_989ED9219ADC,2026-03-15 20:08:40,belongs
1742,SEQ_A18DD4CE9377,2026-03-15 20:08:42,belongs
1743,SEQ_3DD0FF8E7A6C,2026-03-15 20:08:42,belongs
1744,SEQ_57359D000665,2026-03-15 20:08:52,belongs
1745,SEQ_96398FA506E9,2026-03-15 20:08:53,belongs
1746,SEQ_3228514F0234,2026-03-15 20:08:53,belongs
1747,SEQ_11F8F95011AD,2026-03-15 20:08:54,belongs
1748,SEQ_9687F27FD986,2026-03-15 20:08:54,belongs
1749,SEQ_A408F3F02F41,2026-03-15 20:08:55,belongs
1750,SEQ_5BC9E36CD5AC,2026-03-15 20:08:55,belongs
1751,SEQ_CA0CF4E645FA,2026-03-15 20:08:56,belongs
1752,SEQ_D359BE8BDB1C,2026-03-15 20:08:57,belongs
1753,SEQ_56AB3BDDF9F2,2026-03-15 20:08:58,belongs
1754,SEQ_A0476CB06948,2026-03-15 20:08:58,belongs
1756,SEQ_A2D49E5D49FB,2026-03-15 20:43:19,belongs
1757,SEQ_C1F0347A3BA5,2026-03-15 20:36:57,belongs
1758,SEQ_1B1B488E2A2C,2026-03-15 19:12:38,belongs
1761,SEQ_DEE115E2001C,2026-03-15 20:43:20,belongs
1762,SEQ_E4D36AF5F812,2026-03-15 20:43:21,belongs
1763,SEQ_EA44B494A77C,2026-03-15 20:43:21,belongs
1764,SEQ_622C02AD9611,2026-03-15 20:14:47,belongs
1765,SEQ_E583FED7C527,2026-03-15 20:14:52,belongs
1766,SEQ_D8EA097E435B,2026-03-15 20:36:58,belongs
1767,SEQ_709F2410A57F,2026-03-15 20:14:52,belongs
1768,SEQ_18B480C74A96,2026-03-15 20:14:53,belongs
1769,SEQ_3A8033F29075,2026-03-15 20:14:54,belongs
1770,SEQ_2B04745E03AA,2026-03-15 20:14:55,belongs
1771,SEQ_6E9F921D3257,2026-03-15 20:37:06,belongs_but_complex
1772,SEQ_A7D03DA826FD,2026-03-15 20:37:07,belongs
1774,SEQ_60045FA14557,2026-03-15 19:28:59,belongs
1775,SEQ_83735CAF72C3,2026-03-15 20:14:56,belongs
1776,SEQ_A8F2CF5509F7,2026-03-15 20:14:57,belongs
1777,SEQ_B431B1375A8E,2026-03-15 19:29:00,belongs
1778,SEQ_18F9CD78A405,2026-03-15 20:43:22,belongs
1780,SEQ_D404B74778B9,2026-03-15 20:02:10,belongs_but_complex
1781,SEQ_6402564FB87B,2026-03-15 20:43:23,belongs
1786,SEQ_C2A44C8AB1DA,2026-03-15 19:44:21,belongs_but_complex
1787,SEQ_4ACC2B9617A6,2026-03-15 19:54:59,belongs
1788,SEQ_A09D9864AC36,2026-03-15 20:37:22,belongs
1792,SEQ_AFA7A377F225,2026-03-15 20:09:00,belongs
1793,SEQ_E45F6D81EA45,2026-03-15 20:09:00,belongs
1795,SEQ_1D69DE4D7D06,2026-03-15 20:37:25,belongs
1797,SEQ_BAF2EE7AC3D8,2026-03-15 20:43:24,belongs
1798,SEQ_233092813DFF,2026-03-15 19:44:24,belongs
1799,SEQ_D7BC47D7B396,2026-03-15 19:55:07,belongs
1800,SEQ_F5ED0C199C6E,2026-03-15 20:14:58,belongs
1801,SEQ_08264E4BC70F,2026-03-15 20:43:25,belongs
1803,SEQ_B27AFBC575C5,2026-03-15 19:55:08,belongs
1804,SEQ_F2D5F9C6916B,2026-03-15 19:55:20,belongs
1805,SEQ_4CBD49865F44,2026-03-15 19:55:21,belongs
1806,SEQ_854C189F9FB3,2026-03-15 20:09:03,belongs
1810,SEQ_1312DD1B1882,2026-03-15 19:44:28,belongs
1812,SEQ_52AF9F76CEB4,2026-03-15 20:09:04,belongs
1813,SEQ_61762724F224,2026-03-15 20:43:33,belongs
1814,SEQ_867026330066,2026-03-15 20:43:34,belongs
1815,SEQ_C3C74EF73B87,2026-03-15 20:43:35,belongs
1816,SEQ_06C182B336F4,2026-03-15 20:43:36,belongs
1818,SEQ_E14F50626316,2026-03-15 20:37:51,belongs_but_complex
1819,SEQ_45D79C4C3352,2026-03-15 20:37:57,belongs
1821,SEQ_DA49C9F87776,2026-03-15 20:43:37,belongs
1826,SEQ_C4D6BCC1260D,2026-03-15 20:15:13,belongs_but_complex
1828,SEQ_31271D51BD3B,2026-03-15 20:37:59,belongs
1829,SEQ_4BA42DA8D1FA,2026-03-15 19:12:46,belongs
1837,SEQ_98E1F8635E05,2026-03-15 20:43:38,belongs
1840,SEQ_DB8FCB045241,2026-03-15 20:43:39,belongs
1843,SEQ_EF5EC6FA219E,2026-03-15 19:45:56,belongs
1845,SEQ_98D70C1D1998,2026-03-15 19:46:01,belongs
1846,SEQ_741E361567F0,2026-03-15 20:15:19,belongs_but_complex
1847,SEQ_E3A480E83989,2026-03-15 20:15:23,belongs_but_complex
1848,SEQ_5240245625F3,2026-03-15 20:38:06,belongs
1849,SEQ_2C956AC83EB3,2026-03-15 20:38:10,belongs
1850,SEQ_8576A30C373D,2026-03-15 20:15:25,belongs
1852,SEQ_CF6DC3CAB27C,2026-03-15 19:55:36,belongs
1854,SEQ_F8E46E6CBB5F,2026-03-15 19:55:52,belongs
1855,SEQ_5FFE7BA90078,2026-03-15 20:43:40,belongs
1856,SEQ_4C92D242D6F2,2026-03-15 19:55:55,belongs
1857,SEQ_14012B9C63FC,2026-03-15 19:55:57,belongs
1859,SEQ_5C795AB24C01,2026-03-15 19:56:04,belongs
1860,SEQ_81EBB3A6E70A,2026-03-15 19:56:21,belongs
1861,SEQ_852B177B5CD1,2026-03-15 19:56:23,belongs
1864,SEQ_B2CA4FAE42A3,2026-03-15 19:56:29,belongs
1865,SEQ_B500C09361BD,2026-03-15 19:56:30,belongs
1866,SEQ_FA31A7C71E53,2026-03-15 19:56:30,belongs
1867,SEQ_A535AC538BF9,2026-03-15 19:56:31,belongs
1872,SEQ_40364A764F6D,2026-03-15 19:56:41,belongs
1873,SEQ_6040BA54C149,2026-03-15 19:56:43,belongs
1874,SEQ_E716C2942C38,2026-03-15 19:56:44,belongs
1875,SEQ_E8E8153AAF56,2026-03-15 19:56:52,belongs
1876,SEQ_8C3CB6C16CEF,2026-03-15 19:56:53,belongs
1877,SEQ_F87C7DB24533,2026-03-15 19:56:54,belongs
1879,SEQ_9554DA7FBA90,2026-03-15 19:57:14,belongs
1880,SEQ_65803AA5FBEA,2026-03-15 19:57:18,belongs
1881,SEQ_FC29DB5108ED,2026-03-15 19:57:25,belongs_but_complex
1882,SEQ_91C3734215F8,2026-03-15 19:57:28,belongs
1883,SEQ_1BC38DA76961,2026-03-15 19:57:32,belongs
1884,SEQ_02021067A2DC,2026-03-15 19:57:42,belongs_but_complex
1885,SEQ_93A862112A95,2026-03-15 19:57:45,belongs
1886,SEQ_60C44EECFBF1,2026-03-15 19:57:56,belongs
1887,SEQ_58F0C257D4D4,2026-03-15 19:58:01,belongs
1888,SEQ_DD88D1973EB5,2026-03-15 19:46:20,belongs
1889,SEQ_D3A10F30662C,2026-03-15 20:15:26,belongs
1890,SEQ_F7E9BD13030E,2026-03-15 19:58:03,belongs
1893,SEQ_16D2C28012D2,2026-03-15 20:38:11,belongs
1896,SEQ_A0B97371367C,2026-03-15 20:43:46,belongs_but_complex
1898,SEQ_D3098BC711B7,2026-03-15 19:46:36,belongs
1901,SEQ_1259D6CEC56F,2026-03-15 19:46:43,belongs
1905,SEQ_9275DA65E961,2026-03-15 20:38:17,belongs
1910,SEQ_BF0377948E28,2026-03-15 19:58:33,belongs_but_complex
1911,SEQ_98EE1EEFEDEE,2026-03-15 19:46:47,belongs
1912,SEQ_5D820D2D1551,2026-03-15 19:46:50,belongs
1913,SEQ_FA6C4CA2C7A0,2026-03-15 20:15:32,belongs_but_complex
1914,SEQ_61B7F7F82C36,2026-03-15 19:29:06,belongs
1915,SEQ_CBCBD57048D1,2026-03-15 19:29:15,belongs_but_complex
1916,SEQ_14A185D217B6,2026-03-15 19:29:19,belongs_but_complex
1917,SEQ_06F3991A014D,2026-03-15 19:29:30,belongs
1918,SEQ_B7B2DD014BED,2026-03-15 19:29:31,belongs
1919,SEQ_4E799166EF2F,2026-03-15 19:29:32,belongs
1920,SEQ_D5390DB337A1,2026-03-15 19:29:33,belongs
1921,SEQ_2B85256B5595,2026-03-15 19:29:35,belongs
1922,SEQ_432C799E21EB,2026-03-15 19:29:36,belongs
1923,SEQ_E5F9AD3FEDFB,2026-03-15 19:29:37,belongs
1924,SEQ_9A15F828C363,2026-03-15 19:29:38,belongs
1925,SEQ_6F265095FA66,2026-03-15 19:29:39,belongs
1926,SEQ_344C29E57772,2026-03-15 19:29:40,belongs
1927,SEQ_99FCDEF12FE5,2026-03-15 19:29:45,belongs_but_complex
1928,SEQ_D28C505F27B4,2026-03-15 19:29:47,belongs
1930,SEQ_564DC2E8DE89,2026-03-15 19:58:52,belongs
1932,SEQ_931571C87BBC,2026-03-15 19:29:49,belongs
1933,SEQ_274EB41A3C2F,2026-03-15 19:29:50,belongs
1934,SEQ_2CDCCED076E9,2026-03-15 20:43:58,belongs
1937,SEQ_D5553DBBD4A3,2026-03-15 20:44:01,belongs
1938,SEQ_764CCD541B59,2026-03-15 20:15:34,belongs
1940,SEQ_19E1DF0B2C5E,2026-03-15 20:39:05,belongs
1944,SEQ_535CBFCB9DA7,2026-03-15 19:58:55,belongs
1945,SEQ_A49CE877ECC5,2026-03-15 19:59:01,belongs
1946,SEQ_EC838F23C553,2026-03-15 19:59:07,belongs
1947,SEQ_76EC1D58DA9F,2026-03-15 20:44:03,belongs
1949,SEQ_5AD5091C09ED,2026-03-15 20:15:35,belongs
1950,SEQ_5FF1F17B0353,2026-03-15 20:44:06,belongs
1953,SEQ_04B767840DCA,2026-03-15 20:39:12,belongs_but_complex
1955,SEQ_E3391BAA7771,2026-03-15 19:59:11,belongs
1956,SEQ_5DA9908B2093,2026-03-15 19:59:13,belongs
1958,SEQ_3EF7F2AC65A4,2026-03-15 19:59:15,belongs
1959,SEQ_D0BBAE8320E2,2026-03-15 19:59:18,belongs
1963,SEQ_A4F4C4A9EC0A,2026-03-15 20:39:15,belongs_but_complex
1967,SEQ_F85348A40FC8,2026-03-15 20:15:36,belongs
1968,SEQ_2E64921C8C25,2026-03-15 19:59:27,belongs
1970,SEQ_FDB02DA109E8,2026-03-15 20:15:37,belongs
1972,SEQ_285AEF7AA3BC,2026-03-15 20:44:11,belongs
1973,SEQ_836564719ED0,2026-03-15 19:59:29,belongs
1974,SEQ_DA8D8B333550,2026-03-15 20:44:12,belongs
1976,SEQ_1969B9762DF2,2026-03-15 19:30:00,belongs
1977,SEQ_EC9F58593A24,2026-03-15 20:44:13,belongs
1978,SEQ_530158557089,2026-03-15 20:44:13,belongs
1979,SEQ_303939CF0ED0,2026-03-15 20:15:46,belongs
1981,SEQ_F9860F4D89E8,2026-03-15 19:59:30,belongs
1985,SEQ_7A48752314D8,2026-03-15 19:32:31,belongs_but_complex
1986,SEQ_657945AE051F,2026-03-15 19:59:32,belongs
1987,SEQ_2712102297A5,2026-03-15 19:12:47,belongs
1992,SEQ_8A95EDF0B544,2026-03-15 20:39:20,belongs_but_complex
1993,SEQ_C0DF97C03CBF,2026-03-15 19:59:33,belongs
1999,SEQ_BC7BFA504BD6,2026-03-15 20:15:47,belongs
2000,SEQ_9B7DAD0357DA,2026-03-15 19:59:40,belongs
2001,SEQ_066BB8EB6936,2026-03-15 20:39:34,belongs
2002,SEQ_29D42E62B8B6,2026-03-15 20:44:14,belongs
2003,SEQ_3D79F2B4AEC3,2026-03-15 20:44:15,belongs
2004,SEQ_E3947547D88A,2026-03-15 20:15:48,belongs
2028,SEQ_E14D6626F412,2026-03-15 19:13:01,belongs
2029,SEQ_67835165081D,2026-03-15 20:15:49,belongs
2030,SEQ_86301A60E033,2026-03-15 20:09:14,belongs
2031,SEQ_5FE2996FDF2F,2026-03-15 20:09:15,belongs
2032,SEQ_1AABDC4E65D3,2026-03-15 20:09:15,belongs
2033,SEQ_7EC994C12AF0,2026-03-15 20:09:16,belongs
2034,SEQ_10D836642FFC,2026-03-15 20:09:17,belongs
2035,SEQ_6AC3F2833207,2026-03-15 20:09:17,belongs
2036,SEQ_4AA793F2CB77,2026-03-15 20:09:18,belongs
2037,SEQ_3784E494CE55,2026-03-15 20:09:23,belongs
2038,SEQ_C3DD42EAF2AA,2026-03-15 20:09:23,belongs
2039,SEQ_236C66B00FDA,2026-03-15 20:09:24,belongs
2040,SEQ_EFCDA4AFAF19,2026-03-15 20:09:25,belongs
2041,SEQ_CAA54E9AEE85,2026-03-15 20:09:25,belongs
2042,SEQ_4763C981F127,2026-03-15 20:09:26,belongs
2044,SEQ_E4FA5E91563F,2026-03-15 19:13:08,belongs_but_complex
2053,SEQ_97B3132D53B4,2026-03-15 19:30:13,belongs_but_complex
2056,SEQ_A5EA7A77909A,2026-03-15 19:30:15,belongs
2062,SEQ_67ED130080C4,2026-03-15 19:30:16,belongs
2063,SEQ_20D70956F151,2026-03-15 19:30:17,belongs
2064,SEQ_DAF8FF01905F,2026-03-15 19:13:12,belongs_but_complex
2065,SEQ_4BC471DD0A77,2026-03-15 19:13:13,belongs
2067,SEQ_7CE0D03F85E5,2026-03-15 19:13:14,belongs
2068,SEQ_DC03A0E9878C,2026-03-15 19:13:15,belongs
2215,SEQ_5C3A1A13DE6F,2026-03-15 19:13:43,belongs
2218,SEQ_00AFAC5B1BA0,2026-03-15 19:13:44,belongs
2219,SEQ_7EA2F350E62E,2026-03-15 19:13:46,belongs
2221,SEQ_991264F1F4F5,2026-03-15 19:30:22,belongs
2222,SEQ_4BAD7B905DF9,2026-03-15 19:30:23,belongs
2228,SEQ_E7FAD932019A,2026-03-15 19:30:24,belongs
2229,SEQ_6A55F2806ABF,2026-03-15 19:30:25,belongs
2233,SEQ_9759A8D50425,2026-03-15 19:30:33,belongs_but_complex
2235,SEQ_40CF56EE6C75,2026-03-15 19:30:36,belongs
2236,SEQ_FE06F9287CB0,2026-03-15 19:13:47,belongs
2237,SEQ_A18F0C60B292,2026-03-15 19:30:37,belongs
2238,SEQ_E285E7272920,2026-03-15 19:30:37,belongs
2239,SEQ_5D22FA76D5E6,2026-03-15 19:30:38,belongs
2240,SEQ_2DBE914E4A7E,2026-03-15 19:30:39,belongs
2241,SEQ_BF703EAA9A30,2026-03-15 19:30:39,belongs
2247,SEQ_FF19E1C1FC97,2026-03-15 20:15:57,belongs_but_complex
2248,SEQ_E2AA955A37D3,2026-03-15 20:16:00,belongs_but_complex
2255,SEQ_E8B9DCA8C41E,2026-03-15 19:13:55,belongs
2256,SEQ_719F08252B2B,2026-03-15 19:13:56,belongs
2257,SEQ_2B1425341E26,2026-03-15 19:13:57,belongs
2258,SEQ_C34CD9754CB7,2026-03-15 19:13:57,belongs
2259,SEQ_827C690ED84F,2026-03-15 19:13:58,belongs
2260,SEQ_6831A647B0A0,2026-03-15 19:14:00,belongs
2261,SEQ_8B1E80953CCC,2026-03-15 19:14:01,belongs
2262,SEQ_F6A8E78522A7,2026-03-15 19:14:02,belongs
2263,SEQ_8E59DE2ED1C6,2026-03-15 19:14:03,belongs
2265,SEQ_1FE557F41343,2026-03-15 19:14:08,belongs
2266,SEQ_DDE8D62D6BB0,2026-03-15 19:14:09,belongs
2273,SEQ_5C50CB1D7BA7,2026-03-15 19:14:11,belongs
2277,SEQ_503B852A7852,2026-03-15 19:14:12,belongs
2283,SEQ_A09D2D169299,2026-03-15 20:16:05,belongs
2286,SEQ_FB1247C55BDD,2026-03-15 19:30:51,belongs
2287,SEQ_8E007DFFA637,2026-03-15 20:54:59,belongs
2288,SEQ_22C219809ECD,2026-03-15 20:55:00,belongs
2290,SEQ_1DBB7449C8C2,2026-03-15 20:55:02,belongs
2291,SEQ_6DD11B54B7E4,2026-03-15 19:14:17,belongs
2292,SEQ_CC42F766571A,2026-03-15 19:30:52,belongs
2293,SEQ_DEE0C7146FEC,2026-03-15 19:30:54,belongs
2294,SEQ_2C2E05FC0E24,2026-03-15 19:30:59,belongs_but_complex
2295,SEQ_B81B4C40E619,2026-03-15 20:55:04,belongs
2299,SEQ_FD828BA2C925,2026-03-15 20:55:05,belongs
2302,SEQ_7F6603CEC264,2026-03-15 19:31:01,belongs
2304,SEQ_E0FD465FCD72,2026-03-15 20:16:33,belongs_but_complex
2323,SEQ_596190FC9248,2026-03-15 19:14:19,belongs
2328,SEQ_A345B06DD9AA,2026-03-15 19:48:34,belongs
2338,SEQ_763E0AB9BD56,2026-03-15 19:14:38,belongs_but_complex
2340,SEQ_E0FE6C275712,2026-03-15 19:31:02,belongs
2346,SEQ_336F8F190F33,2026-03-15 19:31:09,belongs_but_complex
2348,SEQ_E416D789DD17,2026-03-15 19:31:10,belongs
2349,SEQ_C7026D25EBC9,2026-03-15 19:31:11,belongs
2351,SEQ_D7BE338F5190,2026-03-15 19:14:40,belongs
2353,SEQ_D7E2182DEF3A,2026-03-15 19:14:43,belongs
2355,SEQ_95114C4FEE02,2026-03-15 19:32:36,belongs_but_complex
2356,SEQ_40A6A53B7014,2026-03-15 19:32:43,belongs_but_complex
2357,SEQ_36FCF8B9D0BC,2026-03-15 19:32:45,belongs_but_complex
2365,SEQ_9DFF8EE39F13,2026-03-15 19:31:11,belongs
2366,SEQ_B70D0050A195,2026-03-15 19:31:12,belongs
2367,SEQ_90F4FC547D86,2026-03-15 19:31:12,belongs
2368,SEQ_54569C53567D,2026-03-15 19:31:13,belongs
2369,SEQ_A44C0A9A7B84,2026-03-15 19:31:13,belongs
2370,SEQ_79331A030E1A,2026-03-15 19:31:14,belongs
2371,SEQ_D1FAD35F06CC,2026-03-15 19:31:17,belongs_but_complex
2372,SEQ_07029C614CC0,2026-03-15 19:31:18,belongs_but_complex
2373,SEQ_31173C9AEF13,2026-03-15 19:31:19,belongs
2374,SEQ_C79DACDFF3B2,2026-03-15 19:14:44,belongs
2443,SEQ_FABD33B710BB,2026-03-15 20:09:40,belongs
2445,SEQ_0A7C997FCCFF,2026-03-15 20:09:41,belongs
2446,SEQ_22FBCC51B7C6,2026-03-15 20:09:42,belongs
2449,SEQ_4EF06E0B7685,2026-03-15 20:09:42,belongs
2450,SEQ_6ABFDBC7FAFC,2026-03-15 20:09:43,belongs
2452,SEQ_22C968113954,2026-03-15 19:32:57,belongs_but_complex
2473,SEQ_79C4A29F2014,2026-03-15 20:09:43,belongs
2474,SEQ_E9E9BB383F0C,2026-03-15 20:09:44,belongs
2475,SEQ_BD8E55C259EF,2026-03-15 20:09:45,belongs
2488,SEQ_B65937BF33C8,2026-03-15 20:09:45,belongs
2506,SEQ_FDA6F59F6984,2026-03-15 20:09:46,belongs
2507,SEQ_AD29FE64AD9A,2026-03-15 20:09:47,belongs
2508,SEQ_A23894BF208A,2026-03-15 20:09:47,belongs
2509,SEQ_5768C522B25E,2026-03-15 20:09:48,belongs
2512,SEQ_5F40E2489B50,2026-03-15 20:09:48,belongs
2513,SEQ_6A5AEB983D3F,2026-03-15 20:09:49,belongs
2514,SEQ_AB15274EDD48,2026-03-15 20:09:53,belongs
2515,SEQ_0E51BD02083E,2026-03-15 20:09:54,belongs
2516,SEQ_4B9096E346C5,2026-03-15 20:09:54,belongs
2517,SEQ_3AC7D6960881,2026-03-15 20:09:55,belongs
2519,SEQ_8407F47A39AC,2026-03-15 20:09:56,belongs
2523,SEQ_B81C2560544B,2026-03-15 20:09:57,belongs
2530,SEQ_A4210A92B796,2026-03-15 20:09:58,belongs
2531,SEQ_D8FF9A3EC54B,2026-03-15 20:09:58,belongs
2536,SEQ_902873BBFF13,2026-03-15 20:09:59,belongs
2540,SEQ_35A7DBE27662,2026-03-15 20:10:00,belongs
2542,SEQ_93DF2400C2DB,2026-03-15 20:10:00,belongs
2543,SEQ_EBEDF2912663,2026-03-15 20:10:01,belongs
2544,SEQ_2F03CA99DE6B,2026-03-15 20:10:02,belongs
2545,SEQ_2B3AFE57556F,2026-03-15 20:10:02,belongs
2546,SEQ_8A1B7D03FD03,2026-03-15 20:10:19,belongs
2548,SEQ_A72091D532A5,2026-03-15 19:59:55,belongs
2550,SEQ_E3315CC5252A,2026-03-15 19:48:35,belongs
2551,SEQ_9F3C08183DB3,2026-03-15 19:48:57,belongs
2552,SEQ_2BD3310BCB41,2026-03-15 19:32:58,belongs_but_complex
2553,SEQ_57A5E1A0AD15,2026-03-15 19:32:59,belongs
2554,SEQ_BFD29435A4F9,2026-03-15 19:33:10,belongs
2557,SEQ_93F81E690B4A,2026-03-15 19:14:46,belongs
2559,SEQ_2E1406220C4B,2026-03-15 19:31:20,belongs
2564,SEQ_AF0FAD669CBC,2026-03-15 19:15:01,belongs
2566,SEQ_E7F7E28E94D0,2026-03-15 19:31:23,belongs
2567,SEQ_14F79E6665D2,2026-03-15 19:31:25,belongs
2572,SEQ_368EAEA97F8D,2026-03-15 19:15:12,belongs
2573,SEQ_2FA8786F47D3,2026-03-15 19:15:14,belongs
2574,SEQ_1B99659683DB,2026-03-15 19:15:15,belongs
2575,SEQ_0EF2DFD47632,2026-03-15 19:15:18,belongs
2577,SEQ_50048BE51365,2026-03-15 19:31:26,belongs
2578,SEQ_19A7156B60C7,2026-03-15 19:31:43,belongs
2580,SEQ_13DDBA604FF3,2026-03-15 19:15:37,belongs
8,SEQ_C6743B5DF681,,not_reviewed
14,SEQ_BAD446B45BBF,2026-03-15 21:17:33,belongs
15,SEQ_F48FFA923D13,,not_reviewed
16,SEQ_91F8E729FAD8,,not_reviewed
17,SEQ_2D732694341A,,not_reviewed
18,SEQ_3396FD3CDC12,,not_reviewed
20,SEQ_8D33CAD6A518,2026-03-15 21:15:42,belongs
21,SEQ_5BA4BA9AC119,2026-03-15 21:17:34,belongs
22,SEQ_2F80E7E35E67,,not_reviewed
23,SEQ_106AEB902735,,not_reviewed
27,SEQ_9A8534BCF2D3,,not_reviewed
28,SEQ_61624A109773,,not_reviewed
30,SEQ_D8540B103774,,not_reviewed
32,SEQ_511ADDD935FC,,not_reviewed
33,SEQ_7A8E8DE0DA68,,not_reviewed
35,SEQ_9B361E35BEAA,,not_reviewed
39,SEQ_8B89389E2AF1,,not_reviewed
44,SEQ_7365FCEB55B0,,not_reviewed
47,SEQ_15BAF787CC9B,,not_reviewed
48,SEQ_1927D5670A85,2026-03-15 21:18:10,belongs
49,SEQ_D98E6C6DD7C4,,not_reviewed
52,SEQ_8A54730D2790,,not_reviewed
58,SEQ_6C3FAB49E6B7,,not_reviewed
59,SEQ_8964A1584BCB,,not_reviewed
61,SEQ_D70C587A68A7,,not_reviewed
63,SEQ_A287FD1D544D,,not_reviewed
64,SEQ_96049DD523A6,,not_reviewed
65,SEQ_6A4842FF9F08,,not_reviewed
66,SEQ_179E93B2447B,2026-03-15 21:15:44,belongs
67,SEQ_BC873C27CAD8,,not_reviewed
68,SEQ_166A0BDB74D3,,not_reviewed
69,SEQ_83102DDE915E,,not_reviewed
72,SEQ_114EBD6F4E53,,not_reviewed
73,SEQ_7E02C8407329,,not_reviewed
74,SEQ_0D1ADFCB7D8F,2026-03-15 21:18:34,belongs
80,SEQ_6A43FD5EA9DC,,not_reviewed
81,SEQ_6BE0EFC66E2B,,not_reviewed
82,SEQ_AAEDAA0FEEDB,,not_reviewed
84,SEQ_AF30ABE91422,,not_reviewed
87,SEQ_34669548F14A,,not_reviewed
90,SEQ_B78F75B84A68,,not_reviewed
93,SEQ_9033148A984A,,not_reviewed
94,SEQ_0FE34D351A8A,,not_reviewed
95,SEQ_9D030F6E19A4,,not_reviewed
96,SEQ_68A6E3BEB1DB,2026-03-15 21:15:53,belongs
97,SEQ_E7EE2D96D382,,not_reviewed
98,SEQ_A7F6DEA711DD,2026-03-15 21:17:35,belongs
101,SEQ_3F4ACE0F456C,,not_reviewed
102,SEQ_759B1A27D9B4,,not_reviewed
103,SEQ_747905F623EC,,not_reviewed
104,SEQ_3CFE05BB5FF8,2026-03-15 21:18:44,belongs
107,SEQ_E6E91B3D4EB3,,not_reviewed
108,SEQ_A36B28EA26ED,,not_reviewed
110,SEQ_1B1C229C5ADB,,not_reviewed
111,SEQ_0B459F735DF8,,not_reviewed
113,SEQ_D7286932E259,2026-03-15 21:17:36,belongs
114,SEQ_EB5BD689BCD3,,not_reviewed
115,SEQ_4BF5E4B9B81A,,not_reviewed
127,SEQ_42109FB413EE,,not_reviewed
130,SEQ_1A03EA634539,,not_reviewed
131,SEQ_58398C995B53,,not_reviewed
133,SEQ_0869B8E70D85,,not_reviewed
134,SEQ_AAE72F391F1F,,not_reviewed
135,SEQ_76B09DFD5E83,2026-03-15 21:17:38,belongs
136,SEQ_30020DB18548,,not_reviewed
137,SEQ_7F185044DBF6,,not_reviewed
138,SEQ_406A0D9B635F,,not_reviewed
139,SEQ_95CAD16A75C5,,not_reviewed
140,SEQ_50D805A37F3A,,not_reviewed
141,SEQ_459D9E5EC1A1,,not_reviewed
142,SEQ_C21733F7B9F8,,not_reviewed
143,SEQ_1B95FF825216,,not_reviewed
144,SEQ_249F87633CE4,,not_reviewed
147,SEQ_6C7F2A15A305,,not_reviewed
148,SEQ_2B9402D99210,,not_reviewed
149,SEQ_E49B6E3AB245,,not_reviewed
151,SEQ_09C0D748E01C,,not_reviewed
152,SEQ_6CC365DA7BAD,,not_reviewed
163,SEQ_3FA9D2DA072A,,not_reviewed
165,SEQ_D3552FA1B285,,not_reviewed
175,SEQ_B5E0F5F88047,,not_reviewed
176,SEQ_DB9B0287AF70,,not_reviewed
180,SEQ_095AF8D89F2F,,not_reviewed
193,SEQ_6192EDA9C35B,,not_reviewed
194,SEQ_1DC7D1A3B3C1,,not_reviewed
195,SEQ_99242D1EA66E,,not_reviewed
206,SEQ_449FDDD313B8,,not_reviewed
207,SEQ_72E6E03F2084,,not_reviewed
209,SEQ_BE3D26B5FC87,,not_reviewed
210,SEQ_C5F2B6A6D757,,not_reviewed
211,SEQ_5879EB2E842B,,not_reviewed
212,SEQ_6F82EBA7A8A4,,not_reviewed
213,SEQ_CEEF9FC0B070,,not_reviewed
214,SEQ_A0D24ADED30B,,not_reviewed
215,SEQ_5796AD1741A1,,not_reviewed
216,SEQ_901FD8A97F49,,not_reviewed
218,SEQ_DE81FB8FA1ED,,not_reviewed
219,SEQ_96A33ACF9385,,not_reviewed
221,SEQ_69ADA7593BD7,,not_reviewed
223,SEQ_304E9EC353D1,,not_reviewed
224,SEQ_2F97C0BDC032,,not_reviewed
229,SEQ_4752D1E63B20,,not_reviewed
230,SEQ_9779986ACEEC,,not_reviewed
231,SEQ_9E1B9C7EC560,,not_reviewed
236,SEQ_56087505117A,,not_reviewed
237,SEQ_10BCEA57E5EB,2026-03-15 21:16:03,belongs
238,SEQ_A40588336D1A,,not_reviewed
239,SEQ_D15E9F5CDE93,,not_reviewed
240,SEQ_65956DD32B4A,2026-03-15 21:17:40,belongs
242,SEQ_18C9D88F2AB1,,not_reviewed
256,SEQ_CEC0F17907BA,,not_reviewed
258,SEQ_21EAC8733D7C,,not_reviewed
264,SEQ_DBE40AA18DD7,,not_reviewed
265,SEQ_529526FB1902,,not_reviewed
270,SEQ_8D6CF17897ED,,not_reviewed
276,SEQ_4548663D50C8,,not_reviewed
281,SEQ_877807C996E2,,not_reviewed
282,SEQ_B33F44384B9F,,not_reviewed
283,SEQ_858F3CAEFDC7,,not_reviewed
284,SEQ_E0FBD4935300,,not_reviewed
285,SEQ_DDEBD40D833E,,not_reviewed
286,SEQ_A372B93D916B,,not_reviewed
287,SEQ_634DA21BBD7E,,not_reviewed
288,SEQ_06E4AC2B8DAA,,not_reviewed
289,SEQ_CD6470B1AB51,,not_reviewed
290,SEQ_A0DD32C51D8B,,not_reviewed
304,SEQ_90CECD3A4B2F,,not_reviewed
305,SEQ_EE38C4E62CD0,,not_reviewed
306,SEQ_B36CD74AA4D8,,not_reviewed
308,SEQ_97CE606D00A3,,not_reviewed
309,SEQ_C023E37D61D5,,not_reviewed
310,SEQ_506D4890B71C,,not_reviewed
311,SEQ_B062878C03F9,2026-03-15 21:17:42,belongs
313,SEQ_B08301AC4ABD,,not_reviewed
315,SEQ_AADC6485B6D0,,not_reviewed
316,SEQ_18F971D35104,,not_reviewed
319,SEQ_F2180E6A83F4,,not_reviewed
321,SEQ_65BE5B6425D8,,not_reviewed
326,SEQ_34F779EE0DCE,,not_reviewed
327,SEQ_65239EB2CD2B,,not_reviewed
328,SEQ_E6C7C90AE86C,,not_reviewed
333,SEQ_8AD8B1FEC9A8,,not_reviewed
334,SEQ_CAA7AC829967,,not_reviewed
338,SEQ_5503C2E92DA3,,not_reviewed
339,SEQ_05E7F98DA59B,,not_reviewed
340,SEQ_410802E5D042,,not_reviewed
341,SEQ_952A85849468,,not_reviewed
342,SEQ_70EA66936376,,not_reviewed
343,SEQ_F8750FC24C32,,not_reviewed
344,SEQ_CDCD43A26CC5,,not_reviewed
345,SEQ_F8A89D880E4C,,not_reviewed
346,SEQ_EF7F12511F8D,,not_reviewed
347,SEQ_987363D13FF3,,not_reviewed
348,SEQ_F1D70791CA36,,not_reviewed
349,SEQ_803DAC949A88,,not_reviewed
350,SEQ_0C03D16A0230,,not_reviewed
351,SEQ_FAF393055710,2026-03-15 21:16:11,belongs
352,SEQ_1D4B5AA4428A,,not_reviewed
353,SEQ_E0F64C51C075,2026-03-15 21:16:12,belongs
354,SEQ_29D39A81CC80,,not_reviewed
355,SEQ_50E2E3433288,,not_reviewed
356,SEQ_A39DE300DFFB,,not_reviewed
357,SEQ_4859D163E586,,not_reviewed
359,SEQ_58C03E198240,,not_reviewed
360,SEQ_BEFE1CB278E6,,not_reviewed
361,SEQ_335EAE3883BB,,not_reviewed
362,SEQ_867E69F3F823,,not_reviewed
363,SEQ_A6D0ABDC18B2,,not_reviewed
364,SEQ_44667868241D,,not_reviewed
365,SEQ_30F0ABEF31A1,,not_reviewed
366,SEQ_3E612659B806,,not_reviewed
367,SEQ_A77B12FAFF00,2026-03-15 21:16:16,belongs
368,SEQ_CD74A807A8D1,,not_reviewed
370,SEQ_BDFF4A9DE2B6,2026-03-15 21:16:18,belongs
371,SEQ_824EBC716FEA,,not_reviewed
372,SEQ_B9FEA70BF2D6,,not_reviewed
373,SEQ_B5193CD8BD26,,not_reviewed
374,SEQ_E880A6F1888F,2026-03-15 21:16:19,belongs
375,SEQ_42F9B0D81AAF,,not_reviewed
376,SEQ_68C3ADB61FB6,2026-03-15 21:16:20,belongs
377,SEQ_2D2E497A2B31,,not_reviewed
379,SEQ_724AE2C808B5,,not_reviewed
380,SEQ_8DA515E0F75D,,not_reviewed
381,SEQ_9BD6E2E1595B,,not_reviewed
382,SEQ_724C505A6185,,not_reviewed
383,SEQ_9472A5740DA9,,not_reviewed
384,SEQ_183606C252A2,,not_reviewed
385,SEQ_B0738D7A6001,,not_reviewed
386,SEQ_0EB1A934B018,,not_reviewed
387,SEQ_D3CF5538247C,,not_reviewed
388,SEQ_E1B006DCEDEB,2026-03-15 21:16:20,belongs
389,SEQ_D2483AC96D67,,not_reviewed
390,SEQ_AD11379F0B08,,not_reviewed
391,SEQ_F8B997014C1E,,not_reviewed
399,SEQ_6BD04A230927,,not_reviewed
400,SEQ_74AF9778CC4A,,not_reviewed
401,SEQ_3FF4466A6535,,not_reviewed
402,SEQ_47E2A19B7FB6,,not_reviewed
403,SEQ_7AA7003B8DE9,,not_reviewed
404,SEQ_A965E8E3D573,,not_reviewed
405,SEQ_52A18013B3AF,,not_reviewed
406,SEQ_7E99E24925D2,,not_reviewed
407,SEQ_646715CCF02E,,not_reviewed
408,SEQ_30363602D724,,not_reviewed
409,SEQ_7D4C4F21A70E,,not_reviewed
410,SEQ_292BE916DA33,,not_reviewed
411,SEQ_9F16F2F47FD7,,not_reviewed
412,SEQ_2EE1BC9CF29B,,not_reviewed
413,SEQ_F9A4E9925C02,,not_reviewed
414,SEQ_ABEB7302478C,,not_reviewed
420,SEQ_EF1FB223E20F,,not_reviewed
422,SEQ_BEE532799C8F,,not_reviewed
423,SEQ_5F7AB791771F,,not_reviewed
425,SEQ_3ADFA96EB31F,,not_reviewed
426,SEQ_8C6371B5BE71,2026-03-15 21:17:43,belongs
427,SEQ_DA409A8F3A96,,not_reviewed
431,SEQ_010B7C94EB1A,,not_reviewed
433,SEQ_1D1AC0020277,,not_reviewed
434,SEQ_E96B1CA674B0,,not_reviewed
440,SEQ_B8CF3A66802B,,not_reviewed
445,SEQ_080B217BE600,,not_reviewed
446,SEQ_410B6D2AFC86,,not_reviewed
447,SEQ_7A111C1CCAB5,,not_reviewed
462,SEQ_40FEEBEA2414,2026-03-15 21:17:43,belongs
464,SEQ_3576BDFA176E,,not_reviewed
465,SEQ_F78D42B42D95,,not_reviewed
467,SEQ_C35861749DC8,,not_reviewed
468,SEQ_7E8A4EEF51D2,2026-03-15 21:17:44,belongs
476,SEQ_54FBD3C2BDAA,,not_reviewed
477,SEQ_67003E0E0E5E,,not_reviewed
480,SEQ_3748A8E8B7D0,,not_reviewed
481,SEQ_D053FF491458,,not_reviewed
482,SEQ_60C6CE683DAD,,not_reviewed
510,SEQ_312FE63D2D1B,2026-03-15 21:17:49,belongs_but_complex
512,SEQ_0A4C346BCB08,,not_reviewed
515,SEQ_9D25061885B0,,not_reviewed
523,SEQ_A700A1CB724C,,not_reviewed
538,SEQ_42132F8E2E6A,,not_reviewed
575,SEQ_F35A210FED7D,,not_reviewed
579,SEQ_89376FBBE558,,not_reviewed
583,SEQ_432D20D1BE90,,not_reviewed
584,SEQ_15402ED473B5,,not_reviewed
585,SEQ_5BD2799983BD,2026-03-15 21:16:21,belongs
589,SEQ_507EDB86E264,,not_reviewed
591,SEQ_C57468BBC8AA,,not_reviewed
592,SEQ_42FC485E0EA3,,not_reviewed
593,SEQ_1107E8D5D567,,not_reviewed
594,SEQ_B5C2CDB4940E,,not_reviewed
595,SEQ_C2A143529910,,not_reviewed
596,SEQ_7642DC1EBB25,,not_reviewed
597,SEQ_C352BBA4AB13,,not_reviewed
600,SEQ_109932BC056F,,not_reviewed
601,SEQ_1714AE38107E,,not_reviewed
602,SEQ_C414E4889496,,not_reviewed
604,SEQ_A7A976AFF853,,not_reviewed
605,SEQ_96484434E511,,not_reviewed
606,SEQ_E067F9D14B76,2026-03-15 21:18:53,belongs
607,SEQ_7A12F881ABF8,,not_reviewed
610,SEQ_18016E6051D0,,not_reviewed
611,SEQ_12220C61AAC9,,not_reviewed
617,SEQ_82C8C3168875,2026-03-15 21:18:51,belongs
621,SEQ_3F55D42EFA01,2026-03-15 21:16:40,belongs_but_complex
622,SEQ_C84B31AAB96B,,not_reviewed
623,SEQ_EFC68B9F6B97,,not_reviewed
624,SEQ_8E2BD9DCA260,2026-03-15 21:16:42,belongs
625,SEQ_1B939801B0DF,,not_reviewed
626,SEQ_E9236DACA490,,not_reviewed
627,SEQ_393EA4DFCAE3,,not_reviewed
628,SEQ_F56A19219226,,not_reviewed
630,SEQ_90D1C4AED090,,not_reviewed
631,SEQ_5B0D4CF40940,,not_reviewed
632,SEQ_6CB265A85862,,not_reviewed
633,SEQ_B89573A84BAC,,not_reviewed
636,SEQ_B745453A36B4,,not_reviewed
637,SEQ_B4ADE3B76FFC,,not_reviewed
640,SEQ_04BB8D94C64E,,not_reviewed
641,SEQ_56031A8A6037,,not_reviewed
642,SEQ_1DB23A26227E,2026-03-15 21:16:42,belongs
644,SEQ_B3174F4E1E02,,not_reviewed
648,SEQ_4A14002074AD,,not_reviewed
650,SEQ_B1629850F7DE,,not_reviewed
651,SEQ_0EDD325C2E27,,not_reviewed
657,SEQ_83105E341C5B,,not_reviewed
659,SEQ_CE44EFF47729,,not_reviewed
662,SEQ_BF0425006FF0,2026-03-15 21:16:43,belongs
663,SEQ_4D3C9BB68FEF,,not_reviewed
664,SEQ_C13C147C45F2,,not_reviewed
666,SEQ_B94EFF38D023,,not_reviewed
667,SEQ_74B149224CF8,,not_reviewed
668,SEQ_01D07BF52657,,not_reviewed
669,SEQ_D1392840BE11,,not_reviewed
670,SEQ_3F3FC86BDA22,,not_reviewed
671,SEQ_96D896023BA5,,not_reviewed
672,SEQ_6D408D676478,,not_reviewed
674,SEQ_20F75E489B9D,,not_reviewed
677,SEQ_B52F45B06D64,,not_reviewed
678,SEQ_ADBBDF6D94FD,,not_reviewed
679,SEQ_9D8B663D935A,2026-03-15 21:16:44,belongs
680,SEQ_FBA2674971D0,,not_reviewed
682,SEQ_A3A2B01515A1,,not_reviewed
683,SEQ_F51C1F9E7AA1,,not_reviewed
684,SEQ_4C833575B6E3,2026-03-15 21:16:44,belongs
686,SEQ_C254FD684E49,,not_reviewed
687,SEQ_A302C9EFAE01,,not_reviewed
688,SEQ_240717E245BB,,not_reviewed
689,SEQ_01D36627C958,,not_reviewed
691,SEQ_CD0309F2B2E9,,not_reviewed
692,SEQ_A6122E2D0128,2026-03-15 21:16:45,belongs
694,SEQ_0843E69AC193,,not_reviewed
696,SEQ_3B3F46A0FBF2,,not_reviewed
700,SEQ_89A1CC96090D,,not_reviewed
701,SEQ_EBAD19AA9AB6,2026-03-15 21:16:46,belongs
702,SEQ_9CEE63A14720,,not_reviewed
705,SEQ_7839AEF300F8,,not_reviewed
706,SEQ_0D790A35FFE4,,not_reviewed
710,SEQ_EFEC361AC42A,,not_reviewed
711,SEQ_8711CE809FA0,,not_reviewed
712,SEQ_7E2DC99AFBE0,2026-03-15 21:16:46,belongs
715,SEQ_27C32BF660E5,2026-03-15 21:16:47,belongs
716,SEQ_F9B7EA8A373E,,not_reviewed
721,SEQ_9166B01004EB,,not_reviewed
739,SEQ_7FA758C16451,2026-03-15 21:16:47,belongs
741,SEQ_B58D1DFD1031,2026-03-15 21:17:57,belongs
744,SEQ_B8BF9C235D5E,2026-03-15 21:20:00,belongs
747,SEQ_D5822BFCC919,,not_reviewed
748,SEQ_65847F4CB37C,,not_reviewed
749,SEQ_1AF9D7A48DBF,,not_reviewed
750,SEQ_1C3CC39E95EE,,not_reviewed
751,SEQ_7F2FE09C1801,,not_reviewed
752,SEQ_2058A4111A75,,not_reviewed
753,SEQ_79F9491B1A52,2026-03-15 21:19:04,belongs_but_complex
754,SEQ_F139CC9099D6,,not_reviewed
755,SEQ_F9B0E92F4C9C,,not_reviewed
758,SEQ_B159C3CE59CC,,not_reviewed
767,SEQ_CBCB32EA336B,,not_reviewed
768,SEQ_4038D4910B7B,,not_reviewed
770,SEQ_1EF961072754,,not_reviewed
771,SEQ_10992CD98709,2026-03-15 21:18:47,belongs
773,SEQ_5B89DC39C342,,not_reviewed
774,SEQ_28CC1EBFF4E7,2026-03-15 21:18:48,belongs
778,SEQ_805128E74BD6,,not_reviewed
782,SEQ_2D6FEBF34FF1,,not_reviewed
792,SEQ_BC65BACDE80C,,not_reviewed
793,SEQ_795C67A724FF,,not_reviewed
794,SEQ_7673B6D78C5A,,not_reviewed
795,SEQ_9F01A94B19AE,,not_reviewed
796,SEQ_51FA34256E08,,not_reviewed
797,SEQ_6CFF0E186956,,not_reviewed
798,SEQ_9B90F8FAF41C,,not_reviewed
799,SEQ_FAD5B01B8E06,2026-03-15 21:16:48,belongs
800,SEQ_524A957D4A12,,not_reviewed
801,SEQ_6B8B56FC68DB,,not_reviewed
803,SEQ_48944E97C39F,,not_reviewed
806,SEQ_E80F1D621BB6,,not_reviewed
807,SEQ_0B232BA3DDFB,2026-03-15 21:16:49,belongs
808,SEQ_9BFC4203E95B,,not_reviewed
811,SEQ_28859986F69C,,not_reviewed
812,SEQ_0A43980CF5AE,2026-03-15 21:19:06,belongs_but_complex
813,SEQ_186CCCEEDA61,2026-03-15 21:19:07,belongs_but_complex
814,SEQ_42BE4BF6BF77,,not_reviewed
815,SEQ_C612D4BF7354,,not_reviewed
816,SEQ_FCD99FBF569E,,not_reviewed
817,SEQ_55F744C11B3E,,not_reviewed
818,SEQ_224C55CC9B6E,2026-03-15 21:18:12,belongs
819,SEQ_25B85A2F7AB1,,not_reviewed
820,SEQ_2DC631FB1CC1,,not_reviewed
821,SEQ_37828D4A0148,,not_reviewed
822,SEQ_7C0A612910FE,,not_reviewed
823,SEQ_94CF318674D8,,not_reviewed
824,SEQ_6ED945768DF0,,not_reviewed
825,SEQ_7A1AA1689629,,not_reviewed
826,SEQ_2F552064CCD5,,not_reviewed
827,SEQ_5E5E6D17EC24,,not_reviewed
828,SEQ_364D84B2365B,,not_reviewed
829,SEQ_18D0CD9C3A55,,not_reviewed
830,SEQ_FF2B0F4D082F,,not_reviewed
831,SEQ_702AC68A5640,,not_reviewed
832,SEQ_8751B49E51BA,,not_reviewed
833,SEQ_4871D302BC97,,not_reviewed
834,SEQ_C365BDFC63B0,,not_reviewed
835,SEQ_DF68B50080F2,,not_reviewed
836,SEQ_EC7A123BA709,,not_reviewed
837,SEQ_76FC868863FE,,not_reviewed
838,SEQ_E7372BA6D171,,not_reviewed
839,SEQ_810C07F5034D,,not_reviewed
840,SEQ_FB4B64DD1424,,not_reviewed
841,SEQ_4C3A3658DC85,,not_reviewed
842,SEQ_F9FB27C5E3D3,,not_reviewed
843,SEQ_63E1E305E5E4,2026-03-15 21:18:13,belongs
844,SEQ_9F0B4A65A77E,2026-03-15 21:18:13,belongs
845,SEQ_DFF18B67E30D,,not_reviewed
846,SEQ_3551B36E537D,,not_reviewed
847,SEQ_0E2755DA4106,,not_reviewed
848,SEQ_4F0DCC408F04,,not_reviewed
849,SEQ_74EB9E4B7BAE,,not_reviewed
850,SEQ_93AFD11B58DA,,not_reviewed
851,SEQ_078EDC37C3D4,2026-03-15 21:16:49,belongs
857,SEQ_0755D0366345,,not_reviewed
858,SEQ_0EF2F868BAF4,,not_reviewed
859,SEQ_44A066738C02,,not_reviewed
860,SEQ_7F1096485513,,not_reviewed
861,SEQ_30E71A87FFD5,2026-03-15 21:18:14,belongs
862,SEQ_2C11557317A0,,not_reviewed
863,SEQ_890734E64965,,not_reviewed
864,SEQ_4CCBBF836678,2026-03-15 21:18:16,belongs
865,SEQ_9AC1982D3891,,not_reviewed
866,SEQ_439123450DAA,,not_reviewed
867,SEQ_3DE792DCE425,,not_reviewed
868,SEQ_2ABEBB512F26,,not_reviewed
869,SEQ_A6F0AF641FAE,,not_reviewed
870,SEQ_AE192D49DCBF,,not_reviewed
873,SEQ_148186D790D0,,not_reviewed
874,SEQ_6DE870EBD328,,not_reviewed
875,SEQ_071A6A4043C4,,not_reviewed
876,SEQ_E5FD241F46E4,,not_reviewed
877,SEQ_8A194D329CDE,,not_reviewed
878,SEQ_58325E8770EF,,not_reviewed
879,SEQ_06A54437B0A9,2026-03-15 21:16:50,belongs
880,SEQ_88EE7036C559,,not_reviewed
881,SEQ_BCE65E06EA7D,,not_reviewed
882,SEQ_E5115A01176E,,not_reviewed
883,SEQ_DB2AAF80DE89,,not_reviewed
884,SEQ_0E2C7101273C,,not_reviewed
885,SEQ_5B85EA5DD96D,,not_reviewed
886,SEQ_0E0F43016412,,not_reviewed
887,SEQ_54AB7386FB24,,not_reviewed
888,SEQ_DEF459E49447,,not_reviewed
890,SEQ_B8B2DBD89493,,not_reviewed
891,SEQ_D1C54207E472,,not_reviewed
892,SEQ_36BCD7140ACA,,not_reviewed
893,SEQ_F30BC730CB3A,,not_reviewed
894,SEQ_072EFD92522D,,not_reviewed
895,SEQ_522286FE052B,,not_reviewed
899,SEQ_76CD4E66E2E9,,not_reviewed
900,SEQ_A8CDA182C944,,not_reviewed
901,SEQ_D67BA8EDFF25,,not_reviewed
902,SEQ_8D69A96861EB,2026-03-15 21:16:56,belongs
903,SEQ_71D9A29A3498,,not_reviewed
904,SEQ_8E82BDD655CB,,not_reviewed
905,SEQ_CC6465C43DF2,,not_reviewed
906,SEQ_184F72EB7FAB,,not_reviewed
907,SEQ_4ED1C01B37A1,,not_reviewed
908,SEQ_E506B7168579,,not_reviewed
909,SEQ_F06695D7D456,,not_reviewed
910,SEQ_10923F2BF273,,not_reviewed
911,SEQ_597385F01950,2026-03-15 21:16:57,belongs
912,SEQ_525CDDF6D415,,not_reviewed
913,SEQ_19B8BB664297,2026-03-15 21:18:54,belongs
914,SEQ_36C421D56A25,,not_reviewed
915,SEQ_E86C90A78670,,not_reviewed
917,SEQ_24FE29A6CEED,,not_reviewed
918,SEQ_4F3D60AE9807,,not_reviewed
919,SEQ_F64FF58187AF,2026-03-15 21:16:58,belongs
920,SEQ_D90EE2238EA6,,not_reviewed
921,SEQ_A25CA8BD6E3A,,not_reviewed
922,SEQ_449717301639,,not_reviewed
923,SEQ_2F0C9F0704A4,,not_reviewed
924,SEQ_18A04B000434,,not_reviewed
926,SEQ_05CA21C1FE9B,,not_reviewed
927,SEQ_1FEEBD684FA8,,not_reviewed
928,SEQ_F026D64D367D,2026-03-15 21:17:59,belongs
929,SEQ_55167A87DA52,,not_reviewed
930,SEQ_7F33F9CC1FFD,2026-03-15 21:16:59,belongs
932,SEQ_ED9B929BA9B5,,not_reviewed
934,SEQ_6D79EB700082,,not_reviewed
935,SEQ_B8F6FA43BF0A,2026-03-15 21:17:00,belongs
945,SEQ_26BDCEC13616,,not_reviewed
947,SEQ_B4ACEE14068A,,not_reviewed
948,SEQ_2B6DC3C0E22D,,not_reviewed
949,SEQ_6F1FE86EDFD3,2026-03-15 21:17:00,belongs
950,SEQ_55E9D4DB465F,2026-03-15 21:17:01,belongs
951,SEQ_C406ED394C6E,,not_reviewed
954,SEQ_7436600B6022,,not_reviewed
964,SEQ_8BCAFB232D50,,not_reviewed
966,SEQ_365E2A5E280E,,not_reviewed
968,SEQ_8D4A5578EA75,,not_reviewed
969,SEQ_7EC96039252E,,not_reviewed
970,SEQ_0C036CB389BE,,not_reviewed
976,SEQ_8260D80B9396,,not_reviewed
977,SEQ_2ECA78293824,,not_reviewed
978,SEQ_E9D3D15ACA77,,not_reviewed
980,SEQ_DC1A487EAFEC,,not_reviewed
981,SEQ_18E948EDE2E7,,not_reviewed
982,SEQ_B1C6BECF552E,,not_reviewed
984,SEQ_CB46200C6323,,not_reviewed
985,SEQ_C2E0C4F9C2C1,,not_reviewed
989,SEQ_5BA26E00C8EC,,not_reviewed
990,SEQ_9BEC3C4E00D3,,not_reviewed
991,SEQ_5A6E4264C1BF,,not_reviewed
992,SEQ_45438D710149,,not_reviewed
993,SEQ_355FA5832D4E,,not_reviewed
994,SEQ_BFB1CDD5165B,,not_reviewed
998,SEQ_0B6502C55938,,not_reviewed
999,SEQ_E80E23EB11F6,,not_reviewed
1001,SEQ_5F3F47ED8B0D,,not_reviewed
1002,SEQ_AA84379DEF53,2026-03-15 21:18:00,belongs
1004,SEQ_2C4CD2219498,,not_reviewed
1005,SEQ_99EA533901AF,,not_reviewed
1006,SEQ_09414423515B,,not_reviewed
1010,SEQ_328F7D8B82FA,,not_reviewed
1012,SEQ_0528C131F6B6,,not_reviewed
1014,SEQ_8C81815FA67F,,not_reviewed
1015,SEQ_C5FFF004AF6B,2026-03-15 21:18:01,belongs
1016,SEQ_894AB3082C69,,not_reviewed
1026,SEQ_5F0A81E81C74,,not_reviewed
1029,SEQ_1646B0020600,,not_reviewed
1030,SEQ_22EB9D474931,,not_reviewed
1032,SEQ_A30EC6088E35,2026-03-15 21:18:02,belongs
1036,SEQ_D2DD1FF4FE6C,,not_reviewed
1037,SEQ_14A4F97209AD,,not_reviewed
1082,SEQ_74319C711554,,not_reviewed
1124,SEQ_11AEBA244DF7,,not_reviewed
1136,SEQ_517D0B9395A8,,not_reviewed
1138,SEQ_5DCF35FC493C,2026-03-15 21:17:19,belongs
1139,SEQ_25152716D6C8,,not_reviewed
1140,SEQ_54EA7238D445,,not_reviewed
1141,SEQ_A2977ABDA71C,,not_reviewed
1146,SEQ_55C161DFAC5E,,not_reviewed
1147,SEQ_7A9CF1403054,,not_reviewed
1148,SEQ_C9E51EB2C987,2026-03-15 21:18:11,belongs
1149,SEQ_32B5048A0FFE,,not_reviewed
1150,SEQ_A36D893A69A9,,not_reviewed
1151,SEQ_549EF87FE22B,2026-03-15 21:18:11,belongs
1152,SEQ_C134F8DF8B1C,,not_reviewed
1153,SEQ_C7F97937F04D,,not_reviewed
1156,SEQ_C0CB46DE975D,,not_reviewed
1157,SEQ_D7248379CF2B,,not_reviewed
1158,SEQ_0120E9AAF558,,not_reviewed
1159,SEQ_62FD16D8DB5E,,not_reviewed
1160,SEQ_8368E410D85E,,not_reviewed
1185,SEQ_30F9B6F39123,2026-03-15 21:19:08,belongs_but_complex
1186,SEQ_A7A333026404,,not_reviewed
1187,SEQ_86C6A37C085D,,not_reviewed
1188,SEQ_A2BB7B25425D,,not_reviewed
1189,SEQ_EF08FB9A25C7,,not_reviewed
1190,SEQ_C7C2F93C5E04,,not_reviewed
1191,SEQ_0B6F4002C5B8,,not_reviewed
1192,SEQ_1CA56C5E8DBE,,not_reviewed
1193,SEQ_7366BEE21DF0,,not_reviewed
1194,SEQ_A86592D267DA,,not_reviewed
1239,SEQ_40AC6B3301B5,,not_reviewed
1241,SEQ_BE327DB9873D,,not_reviewed
1243,SEQ_BB894995C5F4,2026-03-15 21:19:10,belongs
1244,SEQ_2AEC4467F046,,not_reviewed
1245,SEQ_B293FEA449A2,,not_reviewed
1246,SEQ_38E70DA514C7,,not_reviewed
1247,SEQ_FC94E4139566,2026-03-15 21:19:11,belongs
1248,SEQ_13A64A5E3AB7,2026-03-15 21:19:12,belongs
1249,SEQ_5DD7825C5020,,not_reviewed
1250,SEQ_6B905F1C3F28,,not_reviewed
1251,SEQ_9340A7D9DE63,,not_reviewed
1252,SEQ_AC38E92C2C66,,not_reviewed
1253,SEQ_5BCF915C2D07,,not_reviewed
1254,SEQ_6B5DFA1421BB,,not_reviewed
1255,SEQ_2FA8D9D04DBC,,not_reviewed
1256,SEQ_7E4E37CFAB93,,not_reviewed
1257,SEQ_A92380FABB34,,not_reviewed
1258,SEQ_0554358C6AE2,,not_reviewed
1259,SEQ_9F1C1DE442FE,2026-03-15 21:19:12,belongs
1260,SEQ_F7EBAA1039AC,,not_reviewed
1261,SEQ_3C76052FA1FE,2026-03-15 21:19:14,belongs_but_complex
1262,SEQ_7BECFC6DD214,,not_reviewed
1263,SEQ_B06C7E1C2E69,,not_reviewed
1264,SEQ_42884BAB2D94,,not_reviewed
1265,SEQ_1574C9172D4E,,not_reviewed
1266,SEQ_069EC3212A84,,not_reviewed
1267,SEQ_1CC34C502B41,,not_reviewed
1268,SEQ_C8AD8FAD4C66,,not_reviewed
1269,SEQ_020F8676D492,,not_reviewed
1270,SEQ_C0721F7EF627,,not_reviewed
1278,SEQ_EA78637B7E5E,2026-03-15 21:19:15,belongs
1291,SEQ_1CBEFD423EA2,,not_reviewed
1293,SEQ_DC6EAA3E12EC,,not_reviewed
1294,SEQ_A52A40BECB35,,not_reviewed
1295,SEQ_C405C5CF0187,,not_reviewed
1314,SEQ_C9F2D798D38A,,not_reviewed
1315,SEQ_15BA0940CAC2,2026-03-15 21:18:16,belongs
1316,SEQ_6EF9A5C091E2,,not_reviewed
1317,SEQ_34FDACA5C084,,not_reviewed
1326,SEQ_23E3DC390CF0,,not_reviewed
1394,SEQ_8EE2258695D6,2026-03-15 21:19:16,belongs
1416,SEQ_BD7E3B2992A9,,not_reviewed
1417,SEQ_672A86630003,,not_reviewed
1418,SEQ_196072EB77EE,,not_reviewed
1419,SEQ_CC5D0314E7FF,2026-03-15 21:19:17,belongs
1420,SEQ_411031DFC278,2026-03-15 21:19:18,belongs
1436,SEQ_D5BF7D196ED8,,not_reviewed
1437,SEQ_D577BE84F56B,,not_reviewed
1438,SEQ_1EEB8ABDB6FD,,not_reviewed
1439,SEQ_706607919331,,not_reviewed
1440,SEQ_678BEA5496DE,,not_reviewed
1441,SEQ_201DE532D675,,not_reviewed
1482,SEQ_C13C2321512D,,not_reviewed
1483,SEQ_E80F7518DD9C,,not_reviewed
1486,SEQ_A17C31AA859F,2026-03-15 21:18:17,belongs
1487,SEQ_F401A74AFE87,,not_reviewed
1492,SEQ_62B8BC614870,,not_reviewed
1655,SEQ_73E9D8BDA72D,,not_reviewed
1656,SEQ_B86A3479C32F,2026-03-15 21:19:19,belongs
1657,SEQ_35D884849E58,,not_reviewed
1686,SEQ_88001A404B55,,not_reviewed
1700,SEQ_78B2D074A94A,2026-03-15 21:18:49,belongs
1721,SEQ_11C478EA5A49,,not_reviewed
1733,SEQ_0A96A15C9018,2026-03-15 21:18:49,belongs
1735,SEQ_8D66A460A724,,not_reviewed
1794,SEQ_97B70B3C82F9,,not_reviewed
1808,SEQ_2F128F2562CD,,not_reviewed
1822,SEQ_15B6CE08C05D,,not_reviewed
1823,SEQ_92203BA510FF,,not_reviewed
1824,SEQ_D47FE57EFF50,,not_reviewed
1862,SEQ_866099D1F2EB,2026-03-15 21:18:07,belongs
1989,SEQ_E43F69A35BF1,,not_reviewed
1990,SEQ_287CC8D0A3D6,,not_reviewed
1991,SEQ_5F7F04A08E4E,,not_reviewed
2006,SEQ_018D428C4062,,not_reviewed
2007,SEQ_23EA0EC200FA,,not_reviewed
2008,SEQ_A129C6E67F84,,not_reviewed
2009,SEQ_2894A7008CEC,,not_reviewed
2012,SEQ_D90942277854,2026-03-15 21:18:03,belongs
2013,SEQ_0CF960C74C9F,,not_reviewed
2014,SEQ_263D017FE086,,not_reviewed
2015,SEQ_4416BA5B908D,,not_reviewed
2016,SEQ_9C99692925E6,,not_reviewed
2017,SEQ_B6545D78DD6E,,not_reviewed
2018,SEQ_FD996C0E7E40,2026-03-15 21:17:27,belongs
2019,SEQ_40EBE5A7835A,2026-03-15 21:17:29,belongs
2020,SEQ_FCF13CCB1944,,not_reviewed
2021,SEQ_4675275421FC,,not_reviewed
2024,SEQ_7A1686BC7A6F,,not_reviewed
2025,SEQ_B15FA258FE61,,not_reviewed
2027,SEQ_8D4772F140C9,,not_reviewed
2043,SEQ_E749602A3035,,not_reviewed
2045,SEQ_F415E3950E75,,not_reviewed
2049,SEQ_22F4BD726F11,,not_reviewed
2051,SEQ_77BD0E73F1A9,,not_reviewed
2052,SEQ_9F078DC10881,,not_reviewed
2055,SEQ_B0AD646095FC,,not_reviewed
2057,SEQ_91BAEC3D6F47,,not_reviewed
2058,SEQ_280F197A13BA,,not_reviewed
2059,SEQ_1BD6CA4FA24D,2026-03-15 21:19:19,belongs
2060,SEQ_8D8DB8846163,,not_reviewed
2061,SEQ_4A036A58E7D7,,not_reviewed
2073,SEQ_25E8A9098D31,,not_reviewed
2074,SEQ_04DB0695AF69,,not_reviewed
2075,SEQ_85821AC39478,,not_reviewed
2076,SEQ_A7F31AB970D7,,not_reviewed
2077,SEQ_72B4BC47F43A,,not_reviewed
2078,SEQ_BA01731E2845,,not_reviewed
2079,SEQ_0FC7BDEA81BE,,not_reviewed
2080,SEQ_762CE1C8AC9D,,not_reviewed
2082,SEQ_CD948A10D4F3,,not_reviewed
2083,SEQ_A4C339995230,,not_reviewed
2084,SEQ_1A2C51364873,,not_reviewed
2085,SEQ_A56B64459A26,,not_reviewed
2086,SEQ_7ED1DA7C480B,,not_reviewed
2087,SEQ_DB99A51B8122,,not_reviewed
2088,SEQ_8A9F1C37DF32,,not_reviewed
2089,SEQ_4891D681E9F3,,not_reviewed
2090,SEQ_4953F6ECBB75,,not_reviewed
2091,SEQ_B6D4D49A444F,2026-03-15 21:19:25,belongs
2092,SEQ_D4708CEAEBE3,,not_reviewed
2093,SEQ_867AF73A1393,,not_reviewed
2094,SEQ_474CF520140A,,not_reviewed
2095,SEQ_810C596040E2,,not_reviewed
2096,SEQ_D0A5E0171F2B,,not_reviewed
2097,SEQ_C64E00E171AE,,not_reviewed
2098,SEQ_86631869A62E,,not_reviewed
2099,SEQ_023CA3B61E98,,not_reviewed
2100,SEQ_BA741BD386F7,,not_reviewed
2101,SEQ_756D6F1A4A45,,not_reviewed
2102,SEQ_3437ADDC00F3,,not_reviewed
2103,SEQ_D2D781A1BD3A,,not_reviewed
2104,SEQ_484BA704F650,,not_reviewed
2105,SEQ_05817C3A512E,,not_reviewed
2106,SEQ_B6B1F2FCA000,,not_reviewed
2107,SEQ_FE2A758888AB,,not_reviewed
2108,SEQ_D13CFB3A30BF,,not_reviewed
2109,SEQ_53F38A5DB9DF,,not_reviewed
2110,SEQ_64FF7C36D828,,not_reviewed
2111,SEQ_6D1757AEA160,2026-03-15 21:19:31,belongs_but_complex
2112,SEQ_6C8882A174D8,,not_reviewed
2113,SEQ_7C9B7F2CE241,2026-03-15 21:19:33,belongs
2114,SEQ_FC108E639372,,not_reviewed
2115,SEQ_6EBFFAD5D4DD,,not_reviewed
2116,SEQ_CB4546124434,,not_reviewed
2117,SEQ_6E799EED7F3F,2026-03-15 21:19:34,belongs
2118,SEQ_E5F7AC23BADF,,not_reviewed
2119,SEQ_1F8F9C55A669,,not_reviewed
2120,SEQ_F9230ED9A515,,not_reviewed
2121,SEQ_0CF1D2C05B71,2026-03-15 21:19:35,belongs
2122,SEQ_2BBD5BCF8834,,not_reviewed
2123,SEQ_E80DC297FF65,,not_reviewed
2124,SEQ_D78882D87E43,,not_reviewed
2125,SEQ_70A9331BB6B1,,not_reviewed
2126,SEQ_EBAB59E5F92F,,not_reviewed
2127,SEQ_59275446F9E3,2026-03-15 21:19:35,belongs
2128,SEQ_3775281A35FF,2026-03-15 21:19:36,belongs
2129,SEQ_6D4E17492234,,not_reviewed
2130,SEQ_C03C280E359D,,not_reviewed
2131,SEQ_686236602EF6,,not_reviewed
2132,SEQ_EF36C0218058,,not_reviewed
2133,SEQ_511BD9A4832E,,not_reviewed
2134,SEQ_0172B54C30A4,,not_reviewed
2135,SEQ_17979E357BAA,,not_reviewed
2136,SEQ_5DF9BB8679FD,,not_reviewed
2137,SEQ_3476A43EA9D4,,not_reviewed
2138,SEQ_45E82E415AE7,,not_reviewed
2139,SEQ_3317D22B1969,,not_reviewed
2140,SEQ_71C45AA0CE18,2026-03-15 21:19:36,belongs
2141,SEQ_B3E41003C4B7,,not_reviewed
2142,SEQ_B275D8DF6331,2026-03-15 21:19:37,belongs
2143,SEQ_29469D859757,2026-03-15 21:19:38,belongs
2144,SEQ_158063DB5B8C,,not_reviewed
2145,SEQ_E9E84184DA11,,not_reviewed
2146,SEQ_9951F6941678,2026-03-15 21:19:39,belongs
2147,SEQ_10203F37C260,,not_reviewed
2148,SEQ_F25B15E320FD,,not_reviewed
2149,SEQ_A898D214EC62,,not_reviewed
2150,SEQ_6ABDC49895C7,,not_reviewed
2151,SEQ_481FC4DF6296,,not_reviewed
2152,SEQ_FEC05D782AE6,,not_reviewed
2153,SEQ_194BA690B998,,not_reviewed
2154,SEQ_BBB1EE4894B9,,not_reviewed
2155,SEQ_DD6BED4BCAFE,,not_reviewed
2156,SEQ_EE0F3BC4D4A8,,not_reviewed
2157,SEQ_98EBE001DAB6,,not_reviewed
2158,SEQ_B94F4768D929,2026-03-15 21:19:40,belongs
2159,SEQ_A661DC43EE86,,not_reviewed
2160,SEQ_BB32CFA0D18C,2026-03-15 21:19:40,belongs
2161,SEQ_0FF043C80B9A,,not_reviewed
2162,SEQ_F24F5A37EAB3,,not_reviewed
2163,SEQ_813750FBCDBD,,not_reviewed
2164,SEQ_753007E6D5FB,,not_reviewed
2165,SEQ_0D1086CE3145,,not_reviewed
2166,SEQ_C4D04B24515A,,not_reviewed
2167,SEQ_11E6475E2180,,not_reviewed
2168,SEQ_E84DC0012050,,not_reviewed
2169,SEQ_C75B07FCF384,2026-03-15 21:19:41,belongs
2170,SEQ_8CD7346AB2C0,,not_reviewed
2171,SEQ_BAC67A621E81,,not_reviewed
2172,SEQ_0A8C2E128ED2,,not_reviewed
2173,SEQ_9AC66982DC77,,not_reviewed
2174,SEQ_6D0A61E737DE,,not_reviewed
2175,SEQ_C899CD991CD6,,not_reviewed
2176,SEQ_CF7639FF0F8D,,not_reviewed
2177,SEQ_36B75D4D16DF,,not_reviewed
2178,SEQ_954F398D7B9B,,not_reviewed
2179,SEQ_572BBB972EFA,,not_reviewed
2180,SEQ_BC0BA87FEE45,,not_reviewed
2181,SEQ_6335AD7633EF,,not_reviewed
2182,SEQ_644F5D6FCF43,,not_reviewed
2183,SEQ_1F7375A11C83,2026-03-15 21:19:41,belongs
2184,SEQ_D62D7B56F4F8,2026-03-15 21:19:42,belongs
2185,SEQ_DD5E453570F5,,not_reviewed
2186,SEQ_89B53366423E,,not_reviewed
2187,SEQ_14EE4810D0BC,,not_reviewed
2188,SEQ_2F19CF097061,,not_reviewed
2189,SEQ_A92B904BDC6B,,not_reviewed
2190,SEQ_D34F54C2E1F6,,not_reviewed
2191,SEQ_9CC5D9C3F524,,not_reviewed
2192,SEQ_FDF0EB56112D,,not_reviewed
2193,SEQ_73A68C73260F,,not_reviewed
2194,SEQ_0FA091DDDA92,,not_reviewed
2195,SEQ_F68249F8D192,,not_reviewed
2196,SEQ_69A6F5EC6F49,,not_reviewed
2197,SEQ_693D7AA2DF9B,,not_reviewed
2198,SEQ_AA17D2CC46F2,,not_reviewed
2199,SEQ_E431EECD9D23,,not_reviewed
2200,SEQ_A3EEE5B4C089,,not_reviewed
2201,SEQ_393357BB9636,,not_reviewed
2202,SEQ_76E64CA1F8F6,,not_reviewed
2203,SEQ_B5B7277046AE,,not_reviewed
2204,SEQ_C3236758CF68,,not_reviewed
2205,SEQ_2DE0078C8F31,,not_reviewed
2206,SEQ_25614663F7B7,,not_reviewed
2207,SEQ_135DA4810B8B,,not_reviewed
2208,SEQ_B4C1F235B86F,,not_reviewed
2209,SEQ_B4C0C610F906,,not_reviewed
2210,SEQ_8062D9F728A5,,not_reviewed
2211,SEQ_9C227000D3B1,,not_reviewed
2212,SEQ_21124D6A7F40,2026-03-15 21:19:42,belongs
2213,SEQ_4BE1E980AB96,,not_reviewed
2214,SEQ_CD152BDDBBFF,,not_reviewed
2216,SEQ_4B34591D2760,,not_reviewed
2217,SEQ_F83530844192,,not_reviewed
2223,SEQ_0F9483CFDCF2,,not_reviewed
2224,SEQ_63D2AE7290AC,,not_reviewed
2225,SEQ_1A8794130A86,,not_reviewed
2226,SEQ_3921C0C85EA5,,not_reviewed
2227,SEQ_EAF3E1EE5981,,not_reviewed
2242,SEQ_8F7897A2FA28,,not_reviewed
2243,SEQ_1373D0FA0950,,not_reviewed
2245,SEQ_A34B57F8877C,2026-03-15 21:17:33,belongs
2249,SEQ_C354A77FA1B3,,not_reviewed
2250,SEQ_D777B01E3E6D,2026-03-15 21:18:04,belongs
2251,SEQ_6E739005888F,,not_reviewed
2252,SEQ_60619EA04453,,not_reviewed
2253,SEQ_1C28C6A2C5FC,,not_reviewed
2254,SEQ_92F24AFD3A71,,not_reviewed
2267,SEQ_0EC71A6FD666,,not_reviewed
2268,SEQ_6C82BD1EC8EF,,not_reviewed
2269,SEQ_E2BB10D33DC3,,not_reviewed
2270,SEQ_2CAD62698D3C,,not_reviewed
2271,SEQ_4E0929D0FF59,,not_reviewed
2272,SEQ_074089DEE083,,not_reviewed
2274,SEQ_E5EACB6828FF,,not_reviewed
2278,SEQ_3A6489A0C0A2,,not_reviewed
2279,SEQ_F08C96FF31FE,,not_reviewed
2280,SEQ_45BF7E4B6D3A,,not_reviewed
2281,SEQ_18854A6B72B6,,not_reviewed
2282,SEQ_23700A42EB1F,,not_reviewed
2284,SEQ_B5D6AF55FD35,,not_reviewed
2285,SEQ_BD57FABC632B,,not_reviewed
2289,SEQ_45703F039401,,not_reviewed
2296,SEQ_2AF902ACD127,,not_reviewed
2297,SEQ_4750188A9841,,not_reviewed
2298,SEQ_21C9D7E24706,,not_reviewed
2300,SEQ_52C7367965AA,,not_reviewed
2301,SEQ_CF387BA777B9,,not_reviewed
2305,SEQ_8A15155577F9,,not_reviewed
2319,SEQ_EDA02708F257,,not_reviewed
2320,SEQ_DD994728E2DE,,not_reviewed
2322,SEQ_4DFDE1C019D0,,not_reviewed
2325,SEQ_FE36E3653E64,,not_reviewed
2326,SEQ_0BF607134B7A,,not_reviewed
2327,SEQ_E697D42B9F58,,not_reviewed
2329,SEQ_7C086D962507,,not_reviewed
2330,SEQ_5970B26A7222,,not_reviewed
2331,SEQ_60C293903050,,not_reviewed
2332,SEQ_159684BF2544,,not_reviewed
2333,SEQ_259DF549436A,,not_reviewed
2334,SEQ_E24C45DBB9DC,,not_reviewed
2336,SEQ_E74695AA2DDF,,not_reviewed
2337,SEQ_CA50655242E2,,not_reviewed
2339,SEQ_1296C05FA5FC,,not_reviewed
2344,SEQ_496B17143498,,not_reviewed
2345,SEQ_74CFA9D0C71F,,not_reviewed
2347,SEQ_73C634364DCF,,not_reviewed
2352,SEQ_8E1AC4744898,,not_reviewed
2354,SEQ_F1689E76A313,,not_reviewed
2358,SEQ_18365E887B7F,,not_reviewed
2359,SEQ_E2DA1C6990F4,,not_reviewed
2360,SEQ_E43D51ABAE5E,,not_reviewed
2361,SEQ_5FC37F5DD30A,,not_reviewed
2362,SEQ_E9F8984F94DE,,not_reviewed
2363,SEQ_E78D5A1F49FA,,not_reviewed
2364,SEQ_876601D889FC,2026-03-15 21:19:43,belongs
2375,SEQ_193E26E55FD3,,not_reviewed
2376,SEQ_D49CC10EFC68,,not_reviewed
2377,SEQ_68B014FAF562,,not_reviewed
2378,SEQ_6F2FF8398079,,not_reviewed
2379,SEQ_D7402AAD47B3,,not_reviewed
2380,SEQ_AF90135291BB,2026-03-15 21:18:17,belongs
2381,SEQ_FDDA3CEAE96D,2026-03-15 21:18:18,belongs
2382,SEQ_E919995DC0F6,,not_reviewed
2383,SEQ_614C1ECADDEF,,not_reviewed
2384,SEQ_9C02C24F169F,,not_reviewed
2385,SEQ_70D1AA01FB1B,,not_reviewed
2386,SEQ_305ED8E0E088,,not_reviewed
2387,SEQ_BD72275995DB,2026-03-15 21:18:19,belongs
2388,SEQ_E7863757A5FD,,not_reviewed
2389,SEQ_979975C89B07,,not_reviewed
2390,SEQ_668F2E3064B0,2026-03-15 21:18:19,belongs
2391,SEQ_88D9AE535036,,not_reviewed
2392,SEQ_A7B436650152,,not_reviewed
2393,SEQ_8379433E37D3,,not_reviewed
2394,SEQ_216ECC7C0BE7,,not_reviewed
2395,SEQ_E58FDF482892,,not_reviewed
2396,SEQ_25189BF0CAA6,2026-03-15 21:18:20,belongs
2397,SEQ_FCFC36F563FF,,not_reviewed
2398,SEQ_1F2E8383AF87,2026-03-15 21:18:21,belongs
2399,SEQ_AF8B5C3C7046,,not_reviewed
2400,SEQ_FB4512E3750F,,not_reviewed
2401,SEQ_CCDE4B12340C,2026-03-15 21:18:24,belongs
2406,SEQ_7A968DE5EE89,,not_reviewed
2407,SEQ_4C581C735D66,,not_reviewed
2408,SEQ_0BE08EDEB74A,,not_reviewed
2409,SEQ_9B1D4DCB49FC,,not_reviewed
2410,SEQ_2371FF190E59,,not_reviewed
2411,SEQ_3F7E486B05BB,,not_reviewed
2412,SEQ_EC3038D9A2AD,,not_reviewed
2413,SEQ_D829522EE6CE,2026-03-15 21:18:25,belongs
2414,SEQ_E91A162C795B,,not_reviewed
2415,SEQ_3983C9C9221B,,not_reviewed
2416,SEQ_C7646A9528D4,,not_reviewed
2417,SEQ_E62CDC0FD132,2026-03-15 21:18:26,belongs
2418,SEQ_A45B05CF0E93,,not_reviewed
2419,SEQ_4A3288BEF4B4,,not_reviewed
2420,SEQ_80F9E8A9461E,,not_reviewed
2421,SEQ_883B06962EE3,,not_reviewed
2422,SEQ_BB5E79B4CDEB,,not_reviewed
2423,SEQ_40CD7CAF9C11,,not_reviewed
2424,SEQ_DC277CFF6EA9,,not_reviewed
2425,SEQ_36F4FBC730D6,,not_reviewed
2426,SEQ_AFB81BFDEF1F,,not_reviewed
2427,SEQ_2BA4A85BB9C0,,not_reviewed
2428,SEQ_DE0C332A8726,,not_reviewed
2429,SEQ_4E54D5B465E8,,not_reviewed
2430,SEQ_167EDC627867,2026-03-15 21:18:27,belongs
2431,SEQ_CD5E8EA03DA1,,not_reviewed
2432,SEQ_F0BA120B4594,,not_reviewed
2433,SEQ_EC2712DA813D,,not_reviewed
2434,SEQ_A3AE97DBC7E4,,not_reviewed
2435,SEQ_8C8C02D02BFC,,not_reviewed
2436,SEQ_34FEC2FA6127,2026-03-15 21:18:27,belongs
2437,SEQ_D7CD748FC31E,,not_reviewed
2438,SEQ_C25C7B552641,,not_reviewed
2439,SEQ_ED1362A81DCE,,not_reviewed
2440,SEQ_8ECA7B6173DF,,not_reviewed
2441,SEQ_6B32ED7CA835,,not_reviewed
2442,SEQ_F3F5FF18D304,2026-03-15 21:18:28,belongs
2444,SEQ_AC3CB3320561,,not_reviewed
2447,SEQ_CE9EB7144139,,not_reviewed
2448,SEQ_7230774D9449,,not_reviewed
2453,SEQ_905544FC9331,,not_reviewed
2454,SEQ_FE102D461733,,not_reviewed
2455,SEQ_040DD4290898,,not_reviewed
2456,SEQ_10041B51055E,,not_reviewed
2457,SEQ_2FA4194D5AB0,,not_reviewed
2458,SEQ_2DF00A30C236,,not_reviewed
2459,SEQ_0079AF6801A3,,not_reviewed
2460,SEQ_70B98E0DB744,,not_reviewed
2461,SEQ_9C649E2E9783,,not_reviewed
2462,SEQ_B5B7535C3F63,,not_reviewed
2463,SEQ_5FCFCD808414,,not_reviewed
2464,SEQ_F1E31F02123C,,not_reviewed
2465,SEQ_2BE8A1D27C12,,not_reviewed
2466,SEQ_8B336D580B2E,,not_reviewed
2467,SEQ_0C529D0794F1,,not_reviewed
2468,SEQ_51A205C3B9D0,,not_reviewed
2469,SEQ_492150FC44AC,,not_reviewed
2470,SEQ_F3121A57B91C,,not_reviewed
2471,SEQ_B105A39801BC,,not_reviewed
2472,SEQ_2E0C086D1824,,not_reviewed
2476,SEQ_80AC6CC8EA69,2026-03-15 21:18:28,belongs
2477,SEQ_12BCD4EA6B3A,,not_reviewed
2478,SEQ_9586F6E24742,,not_reviewed
2479,SEQ_FE58DE1FFCC3,,not_reviewed
2480,SEQ_962823A75F82,,not_reviewed
2481,SEQ_8D966DC1012D,2026-03-15 21:18:29,belongs
2482,SEQ_00643245CCDD,,not_reviewed
2483,SEQ_FE79332060EB,,not_reviewed
2484,SEQ_53CAAB9241F2,,not_reviewed
2485,SEQ_CA2376AB9CE8,,not_reviewed
2486,SEQ_406F3752AC75,,not_reviewed
2487,SEQ_587DE02C2EC0,2026-03-15 21:18:29,belongs
2489,SEQ_B66066037745,2026-03-15 21:18:30,belongs
2490,SEQ_934623C62754,,not_reviewed
2491,SEQ_FA1A834FF0CA,,not_reviewed
2492,SEQ_3E39B6A2EBD4,,not_reviewed
2493,SEQ_70399C2B8EFA,,not_reviewed
2494,SEQ_50313E682477,,not_reviewed
2495,SEQ_C8AEE1DB6143,,not_reviewed
2496,SEQ_056BFDD91519,,not_reviewed
2497,SEQ_2F62B664FAF6,,not_reviewed
2498,SEQ_4B5F0E5BCB09,,not_reviewed
2499,SEQ_F58BC3279279,2026-03-15 21:18:30,belongs
2500,SEQ_EDAED5DB363C,,not_reviewed
2501,SEQ_1C9C71450638,,not_reviewed
2502,SEQ_B297D6843A45,,not_reviewed
2503,SEQ_3048A56C5C78,,not_reviewed
2504,SEQ_5AF6F56DC48C,,not_reviewed
2505,SEQ_F06B27F93319,,not_reviewed
2510,SEQ_DFC42DEF399D,,not_reviewed
2511,SEQ_CE6E5D8586B8,,not_reviewed
2518,SEQ_C59AA3E8E452,,not_reviewed
2520,SEQ_92D486881589,2026-03-15 21:18:31,belongs
2521,SEQ_7D70A3233CCC,,not_reviewed
2522,SEQ_2438B1E21279,,not_reviewed
2524,SEQ_620FFE3FB4F9,,not_reviewed
2525,SEQ_D1EA1099B4AC,,not_reviewed
2526,SEQ_2CC59FF1E405,2026-03-15 21:18:32,belongs
2527,SEQ_55DDF589AD28,,not_reviewed
2528,SEQ_12F044E386DC,2026-03-15 21:18:32,belongs
2529,SEQ_A25A47715852,,not_reviewed
2532,SEQ_A625871EE561,,not_reviewed
2533,SEQ_881D66DBBF4E,,not_reviewed
2534,SEQ_2E9352DDAFD1,,not_reviewed
2535,SEQ_0A6E16A5F0B5,,not_reviewed
2537,SEQ_98A0149BAF91,,not_reviewed
2538,SEQ_F1A2D326BF52,2026-03-15 21:18:32,belongs
2539,SEQ_D9738D88947D,,not_reviewed
2541,SEQ_346CCC06EC6A,,not_reviewed
2547,SEQ_63784B6FD3BA,,not_reviewed
2549,SEQ_5E0360EB6E26,,not_reviewed
2555,SEQ_8336DE889958,,not_reviewed
2556,SEQ_5DDF22BEC967,,not_reviewed
2558,SEQ_2496C8A2ABE5,,not_reviewed
2562,SEQ_58C21E1B7A13,,not_reviewed
2579,SEQ_8A066B338674,,not_reviewed
